,x-acc,y-acc,z-acc,x-mag,y-mag,z-mag
0,0.44291672,-1.082042,-0.44734633,-1.0117784,1.3972898,0.41170847
1,0.44291672,-1.082042,-0.44734633,-1.0117784,1.3972898,0.41170847
2,0.44291672,-1.082042,-0.44734633,-1.0117784,1.3972898,0.41170847
3,-0.9665502,-1.2597727,0.79578274,-1.0376034,1.4154541,0.41337204
4,-0.9665502,-1.2597727,0.79578274,-1.1408988,1.488111,0.42002606
5,-0.9665502,-1.2597727,0.79578274,-1.2441943,1.5607679,0.42668006
6,-0.9665502,-1.2597727,0.79578274,-1.3268327,1.6188933,0.43200338
7,-1.4880935,-0.5479609,0.5700158,-1.3475618,1.6383322,0.42666256
8,-1.4880935,-0.5479609,0.5700158,-1.3751945,1.664251,0.41954157
9,-1.4880935,-0.5479609,0.5700158,-1.4028319,1.6901691,0.41242057
10,-0.23639184,-0.37023014,-0.22157937,-1.4055961,1.6927611,0.41170847
11,-0.23639184,-0.37023014,-0.22157937,-1.4055961,1.6927611,0.41170847
12,-0.23639184,-0.37023014,-0.22157937,-1.4055961,1.6927611,0.41170847
13,-0.16188602,-0.5225708,-0.3022105,-1.4055961,1.6927611,0.41170847
14,-0.13208368,-0.58350706,-0.33446285,-1.42983,1.6473038,0.44293135
15,-0.13208368,-0.58350706,-0.33446285,-1.4601259,1.5904827,0.4819601
16,-0.13208368,-0.58350706,-0.33446285,-1.4843597,1.5450253,0.51318294
17,0.75584245,-0.05031475,-0.89888024,-1.4638132,1.5167627,0.50965345
18,0.75584245,-0.05031475,-0.89888024,-1.3610753,1.3754504,0.49200565
19,0.75584245,-0.05031475,-0.89888024,-1.2583423,1.234138,0.47435802
20,2.582255,-0.05031475,-0.767183,-1.248069,1.2200068,0.47259316
21,3.104087,-0.05031475,-0.7295552,-1.248069,1.2200068,0.47259316
22,3.104087,-0.05031475,-0.7295552,-1.248069,1.2200068,0.47259316
23,1.9518042,-0.0058820588,-0.44734633,-1.248069,1.2200068,0.47259316
24,0.33860856,0.05632371,-0.052254334,-1.1821266,1.1664099,0.4499384
25,0.33860856,0.05632371,-0.052254334,-0.9623203,0.9877528,0.37442246
26,0.33860856,0.05632371,-0.052254334,-0.7754876,0.83589405,0.31023398
27,-0.48106325,0.11505215,0.32191762,-0.7754876,0.83589405,0.31023398
28,-0.6536257,0.12741601,0.40069073,-0.5816073,0.69043106,0.21032065
29,-0.6536257,0.12741601,0.40069073,-0.3392593,0.50860274,0.08542896
30,-0.5133487,0.46243852,0.65370554,-0.30290613,0.48132834,0.06669521
31,-0.3407,0.874774,0.9651081,-0.30290613,0.48132834,0.06669521
32,-0.3407,0.874774,0.9651081,-0.30290613,0.48132834,0.06669521
33,-0.05059247,1.0722525,1.106212,-0.30290613,0.48132834,0.06669521
34,0.52962387,1.4672098,1.3884212,-0.30290613,0.48132834,0.06669521
35,0.7036884,1.5856969,1.4730836,-0.12505352,0.3145301,-0.061620947
36,0.7036884,1.5856969,1.4730836,0.09091174,0.111989096,-0.21743336
37,0.18149482,1.1946893,1.3602004,0.09091174,0.111989096,-0.21743336
38,-0.3407,0.8036816,1.2473166,0.20118266,0.04994015,-0.25396416
39,-0.3407,0.8036816,1.2473166,0.5687428,-0.15688983,-0.37573355
40,-0.6155667,0.39122614,0.9895155,0.64225674,-0.19825587,-0.40008745
41,-1.0384386,-0.24332075,0.5928978,0.64225674,-0.19825587,-0.40008745
42,-1.1230136,-0.37023014,0.51357424,0.64225674,-0.19825587,-0.40008745
43,-0.8680372,-0.32678485,0.74812096,0.64225674,-0.19825587,-0.40008745
44,-0.40444443,-0.24779338,1.1745692,0.64225674,-0.19825587,-0.40008745
45,-0.079928346,-0.19249937,1.4730836,0.7038966,-0.2868973,-0.43714768
46,-0.079928346,-0.19249937,1.4730836,0.8785475,-0.53804797,-0.54215175
47,0.20378445,0.04870668,0.96242017,0.8785475,-0.53804797,-0.54215175
48,0.5024288,0.30260777,0.42487997,0.8785475,-0.53804797,-0.54215175
49,0.54722613,0.34069294,0.34424883,0.94230735,-0.69352216,-0.6078685
50,0.57443637,0.5449288,0.22608931,0.95731103,-0.7301044,-0.6233313
51,0.6197888,0.88532186,0.029156651,0.95731103,-0.7301044,-0.6233313
52,0.65153426,1.1235969,-0.108695894,0.95731103,-0.7301044,-0.6233313
53,0.6126399,1.1169697,-0.161311,0.95731103,-0.7301044,-0.6233313
54,0.5419215,1.1049201,-0.25697502,0.95731103,-0.7301044,-0.6233313
55,0.47120434,1.0928707,-0.35263908,0.95731103,-0.7301044,-0.6233313
56,0.44291672,1.0880508,-0.39090475,1.1148382,-0.7891987,-0.7451007
57,0.32653654,0.8244169,-0.26547843,1.1148382,-0.7891987,-0.7451007
58,0.2101551,0.5607829,-0.14005248,1.1148382,-0.7891987,-0.7451007
59,0.12868796,0.3762391,-0.052254334,0.8785475,-0.7714704,-0.7694546
60,0.12868796,0.26960063,-0.027762622,0.72102034,-0.75965154,-0.7856905
61,0.12868796,0.09186986,0.013056896,0.72102034,-0.75965154,-0.7856905
62,0.12868796,-0.08586091,0.053876415,0.72102034,-0.75965154,-0.7856905
63,0.08794298,-0.13251524,0.04418165,0.72102034,-0.75965154,-0.7856905
64,0.006451763,-0.15473159,0.008464658,0.72102034,-0.75965154,-0.7856905
65,-0.075039454,-0.17694792,-0.027252335,0.72102034,-0.75965154,-0.7856905
66,-0.13208368,-0.19249937,-0.052254334,0.7997839,-0.7301044,-0.8059854
67,-0.13208368,-0.19249937,-0.052254334,0.8490111,-0.72548765,-0.7552481
68,-0.13208368,-0.19249937,-0.052254334,0.89823836,-0.7208709,-0.7045109
69,-0.13208368,-0.19249937,-0.052254334,0.9474656,-0.7162542,-0.65377367
70,0.65153426,0.05632371,-0.27802128,0.95731103,-0.71533084,-0.6436262
71,0.65153426,0.05632371,-0.27802128,0.95731103,-0.71533084,-0.6436262
72,0.65153426,0.05632371,-0.27802128,0.95731103,-0.71533084,-0.6436262
73,-0.60147166,0.30514678,1.0779912,0.95731103,-0.71533084,-0.6408744
74,-0.60147166,0.30514678,1.0779912,0.95731103,-0.71533084,-0.6133559
75,-0.60147166,0.30514678,1.0779912,0.95731103,-0.71533084,-0.58583736
76,-0.60147166,0.30514678,1.0779912,0.95731103,-0.71533084,-0.5624466
77,-0.079928346,0.09186986,0.6828996,0.95731103,-0.6890389,-0.54696745
78,-0.079928346,0.09186986,0.6828996,0.95731103,-0.65398294,-0.52632856
79,-0.079928346,0.09186986,0.6828996,0.95731103,-0.61892706,-0.5056897
80,-0.18423776,0.020777555,0.8522243,0.95731103,-0.6119158,-0.50156194
81,-0.18423776,0.020777555,0.8522243,0.95731103,-0.6119158,-0.50156194
82,-0.18423776,0.020777555,0.8522243,0.95731103,-0.6119158,-0.50156194
83,2.2513657,0.09186986,-0.39043424,0.95731103,-0.6119158,-0.50156194
84,3.4691663,0.12741601,-1.0117637,0.88318175,-0.56093264,-0.46335977
85,3.4691663,0.12741601,-1.0117637,0.79051536,-0.49720335,-0.41560706
86,3.4691663,0.12741601,-1.0117637,0.72102034,-0.44940656,-0.37979254
87,-0.44500816,0.3762391,1.190875,0.72102034,-0.44940656,-0.37979254
88,-0.44500816,0.3762391,1.190875,0.64775157,-0.36007804,-0.30427665
89,-0.44500816,0.3762391,1.190875,0.5744828,-0.2707495,-0.22876075
90,-0.66723144,-0.18631743,0.9847397,0.5634932,-0.25735015,-0.21743336
91,-0.8100879,-0.5479609,0.8522243,0.5634932,-0.25735015,-0.21743336
92,-0.8100879,-0.5479609,0.8522243,0.5634932,-0.25735015,-0.21743336
93,-0.94047314,-1.2003809,0.61705065,0.5634932,-0.25735015,-0.21743336
94,-1.1230136,-2.1137693,0.28780726,0.541514,-0.22436729,-0.20044231
95,-1.1230136,-2.1137693,0.28780726,0.4682452,-0.114424385,-0.14380535
96,-1.1230136,-2.1137693,0.28780726,0.40596604,-0.020973032,-0.09566397
97,-1.2953492,-1.4376581,0.24118152,0.40596604,-0.020973032,-0.09566397
98,-1.33163,-1.2953187,0.23136535,0.37445867,0.12085333,0.017987428
99,-1.33163,-1.2953187,0.23136535,0.3350769,0.29813617,0.16005172
100,-1.1809629,-1.3295485,-0.28565124,0.32720247,0.33359265,0.1884646
101,-1.0187055,-1.3664111,-0.84243864,0.32720247,0.33359265,0.1884646
102,-1.0187055,-1.3664111,-0.84243864,0.32720247,0.33359265,0.1884646
103,-1.0187055,-1.3841842,-0.9835429,0.32720247,0.33359265,0.1884646
104,-1.0187055,-1.42368,-1.297108,0.32720247,0.33359265,0.1884646
105,-1.0187055,-1.4375033,-1.4068561,0.16721395,0.5136455,0.36160544
106,-1.0187055,-1.4375033,-1.4068561,-0.06661541,0.77679974,0.61465746
107,-0.24577035,-1.3205451,-1.3139999,-0.06661541,0.77679974,0.61465746
108,0.39076263,-1.2242265,-1.2375306,-0.22414255,0.8600688,0.688457
109,0.39076263,-1.2242265,-1.2375306,-0.7492347,1.1376332,0.9344559
110,0.41683966,-1.4197303,-1.520092,-0.93301475,1.2347804,1.0205554
111,0.4820329,-1.9084901,-2.2264957,-0.93301475,1.2347804,1.0205554
112,0.49507207,-2.006242,-2.3677762,-0.93301475,1.2347804,1.0205554
113,0.4340072,-2.0952554,-2.3301485,-0.93301475,1.2347804,1.0205554
114,0.2595396,-2.3495796,-2.2226405,-0.93301475,1.2347804,1.0205554
115,0.12868796,-2.5403228,-2.1420093,-1.0478767,1.3024927,1.1135738
116,0.12868796,-2.5403228,-2.1420093,-1.4843597,1.559799,1.467043
117,-0.0010609285,-2.6582322,-2.071216,-1.4843597,1.559799,1.467043
118,-0.15370788,-2.7969487,-1.9879304,-1.4843597,1.559799,1.467043
119,-0.18423776,-2.824692,-1.9712731,-1.8894316,1.7201978,1.6989849
120,-0.19269477,-2.795871,-1.9529679,-2.1932318,1.8404968,1.872941
121,-0.24907735,-2.6037295,-1.8309314,-2.1932318,1.8404968,1.872941
122,-0.2885459,-2.4692307,-1.745506,-2.1932318,1.8404968,1.872941
123,-0.32516506,-2.3806868,-1.6626449,-2.1932318,1.8404968,1.872941
124,-0.5692914,-1.7903936,-1.1102366,-2.1932318,1.8404968,1.872941
125,-0.8134165,-1.2001005,-0.55782825,-2.1932318,1.8404968,1.872941
126,-0.86224204,-1.082042,-0.44734633,-2.4585397,2.0893147,2.1292975
127,-0.91994536,-1.0132184,-0.18155992,-2.5082862,2.1359682,2.1773646
128,-1.0087186,-0.9073363,0.2273424,-2.5082862,2.1359682,2.1773646
129,-1.0708596,-0.83321875,0.51357424,-2.6028035,2.212791,2.27478
130,-1.0923342,-0.94055426,0.48258662,-2.744577,2.3280246,2.4209032
131,-1.1536919,-1.247227,0.3940505,-2.744577,2.3280246,2.4209032
132,-1.2150508,-1.5538996,0.30551437,-2.744577,2.3280246,2.4209032
133,-1.1085359,-1.5735594,0.23710677,-2.744577,2.3280246,2.4209032
134,-0.5146073,-1.3651854,-0.016394336,-2.744577,2.3280246,2.4209032
135,0.0793212,-1.1568115,-0.26989543,-2.744577,2.3280246,2.4209032
136,0.49507207,-1.0109496,-0.44734633,-2.744577,2.3723452,2.461493
137,0.49507207,-1.0109496,-0.44734633,-2.6234028,2.3223424,2.3678243
138,0.49507207,-1.0109496,-0.44734633,-2.502229,2.2723396,2.2741554
139,0.49507207,-1.0109496,-0.44734633,-2.3810549,2.2223368,2.1804867
140,-1.7488638,-0.7621265,-0.27802128,-2.350759,2.209836,2.1570697
141,-1.7488638,-0.7621265,-0.27802128,-2.350759,2.209836,2.1570697
142,-1.7488638,-0.7621265,-0.27802128,-2.350759,2.209836,2.1570697
143,-0.13208368,-0.58350706,-0.84243864,-2.324934,2.1856172,2.1224682
144,-0.13208368,-0.58350706,-0.84243864,-2.1958134,2.0645223,1.9494628
145,-0.13208368,-0.58350706,-0.84243864,-2.0666928,1.9434276,1.776457
146,-0.13208368,-0.58350706,-0.84243864,-1.9569412,1.8404968,1.6294023
147,0.8079965,-0.33468398,-0.78599674,-1.8428676,1.740648,1.506933
148,0.8079965,-0.33468398,-0.78599674,-1.679913,1.5980066,1.3319771
149,0.8079965,-0.33468398,-0.78599674,-1.5169536,1.4553651,1.157021
150,1.7467737,0.48287755,-0.27802128,-1.4843597,1.4268368,1.1220299
151,1.7467737,0.48287755,-0.27802128,-1.4843597,1.4268368,1.1220299
152,1.7467737,0.48287755,-0.27802128,-1.4843597,1.4268368,1.1220299
153,1.7106667,0.50748646,0.42630658,-1.4843597,1.4268368,1.1220299
154,1.6946183,0.5184237,0.73934114,-1.3322649,1.3208746,1.0044594
155,1.6946183,0.5184237,0.73934114,-1.142144,1.1884218,0.8574964
156,1.6946183,0.5184237,0.73934114,-0.9520278,1.0559692,0.7105333
157,-0.8100879,0.12741601,0.9651081,-0.9028486,1.0163202,0.67251956
158,-0.8100879,0.12741601,0.9651081,-0.7017525,0.84029484,0.5170692
159,-0.8100879,0.12741601,0.9651081,-0.50065154,0.664269,0.3616189
160,-1.6454252,0.08002114,0.3254351,-0.46043327,0.629064,0.3305289
161,-2.063094,0.05632371,0.005598409,-0.46043327,0.629064,0.3305289
162,-2.063094,0.05632371,0.005598409,-0.46043327,0.629064,0.3305289
163,-1.2859949,0.29349557,-0.06997068,-0.46043327,0.629064,0.3305289
164,1.4338479,1.1235969,-0.33446285,-0.3944909,0.57340527,0.2852193
165,1.4338479,1.1235969,-0.33446285,-0.17468457,0.38787678,0.13418753
166,1.4338479,1.1235969,-0.33446285,0.012148166,0.23017766,0.00581052
167,0.48600155,1.3585107,0.7390956,0.012148166,0.23017766,0.00581052
168,0.28645447,1.4079663,0.9651081,0.20118266,0.088351294,-0.11595887
169,0.28645447,1.4079663,0.9651081,0.4374734,-0.088931546,-0.2681706
170,-0.26181608,0.74991804,0.4564269,0.48472962,-0.124388024,-0.29861295
171,-0.8100879,0.09186986,-0.052254334,0.48472962,-0.124388024,-0.29861295
172,-0.8100879,0.09186986,-0.052254334,0.48472962,-0.124388024,-0.29861295
173,-0.79781693,-0.008495746,0.0011992427,0.48472962,-0.124388024,-0.29861295
174,-0.76713747,-0.25940976,0.13483335,0.48472962,-0.124388024,-0.29861295
175,-0.75793386,-0.33468398,0.17492379,0.48472962,-0.26658362,-0.36076608
176,-0.75793386,-0.33468398,0.17492379,0.48472962,-0.44940656,-0.44067723
177,-0.19980185,-0.15473159,-0.1433546,0.48472962,-0.44940656,-0.44067723
178,0.2343004,-0.014768598,-0.39090475,0.45519328,-0.4881872,-0.42165077
179,0.2343004,-0.014768598,-0.39090475,0.3567388,-0.6174559,-0.35822922
180,0.35701573,0.24686156,-0.10828095,0.32720247,-0.6562365,-0.33920273
181,0.6024476,0.7701219,0.4569663,0.32720247,-0.6562365,-0.33920273
182,0.65153426,0.874774,0.5700158,0.32720247,-0.6562365,-0.33920273
183,0.6210044,0.9371964,0.6030548,0.32720247,-0.6562365,-0.33920273
184,0.5446822,1.0932528,0.6856527,0.32720247,-0.6562365,-0.33920273
185,0.49507207,1.1946893,0.73934114,0.30422816,-0.67347246,-0.30368668
186,0.49507207,1.1946893,0.73934114,0.2484389,-0.71533084,-0.21743336
187,0.45182115,0.98834825,0.17709182,0.2484389,-0.71533084,-0.21743336
188,0.4009397,0.745594,-0.48437777,0.2484389,-0.71533084,-0.21743336
189,0.39076263,0.6970432,-0.6166717,0.12841867,-0.7490991,-0.14011945
190,0.038396228,0.6970432,-0.37644148,0.09091174,-0.75965154,-0.11595887
191,-0.60227144,0.6970432,0.060340732,0.09091174,-0.75965154,-0.11595887
192,-1.0187055,0.6970432,0.34424883,0.09091174,-0.75965154,-0.11595887
193,-0.8339582,0.68610585,0.31819883,0.09091174,-0.75965154,-0.11595887
194,-0.37209308,0.65876263,0.2530738,0.09091174,-0.75965154,-0.11595887
195,0.089773305,0.6314195,0.1879488,0.09091174,-0.75965154,-0.11595887
196,0.18214633,0.6259509,0.17492379,0.16967532,-0.75965154,-0.17684355
197,0.16578116,0.63683236,0.14036763,0.16967532,-0.75965154,-0.17684355
198,0.14396177,0.65134096,0.09429264,0.16967532,-0.75965154,-0.17684355
199,0.12868796,0.661497,0.062040318,0.22527228,-0.75965154,-0.18400644
200,0.1232553,0.6800106,0.062040318,0.32720247,-0.75965154,-0.19713846
201,0.10152464,0.7540651,0.062040318,0.32720247,-0.75965154,-0.19713846
202,0.07979399,0.8281196,0.062040318,0.32720247,-0.75965154,-0.19713846
203,0.076533884,0.8529876,0.054757413,0.32720247,-0.75965154,-0.19713846
204,0.076533884,0.8873871,0.036550324,0.32720247,-0.75965154,-0.19713846
205,0.076533884,0.92178655,0.018343577,0.32720247,-0.75965154,-0.19713846
206,0.07332448,0.932181,-0.0048432667,0.48472962,-0.75965154,-0.19713846
207,0.009135139,0.6584756,-0.21367747,0.48472962,-0.75965154,-0.19713846
208,-0.05505547,0.38477018,-0.42251202,0.48472962,-0.75965154,-0.19713846
209,-0.11924481,0.111064784,-0.6313466,0.48472962,-0.75965154,-0.19713846
210,-0.13208368,0.05632371,-0.6731133,0.64225674,-0.86306655,-0.27831805
211,-0.13208368,0.05632371,-0.6731133,0.64225674,-0.86306655,-0.27831805
212,-0.13208368,0.05632371,-0.6731133,0.64225674,-0.86306655,-0.27831805
213,-0.39285406,-0.29913783,-0.6731133,0.6717931,-0.86306655,-0.26880482
214,-0.39285406,-0.29913783,-0.6731133,0.7702476,-0.86306655,-0.23709404
215,-0.39285406,-0.29913783,-0.6731133,0.86870205,-0.86306655,-0.20538326
216,-0.39285406,-0.29913783,-0.6731133,0.95731103,-0.86306655,-0.17684355
217,-0.3407,-0.014768598,-1.0682056,0.9953372,-0.86306655,-0.15724845
218,-0.3407,-0.014768598,-1.0682056,1.0496554,-0.86306655,-0.12925556
219,-0.3407,-0.014768598,-1.0682056,1.1039736,-0.86306655,-0.10126259
220,0.8079965,0.23405448,0.4571323,1.1148382,-0.86306655,-0.09566397
221,0.8079965,0.23405448,0.4571323,1.1148382,-0.86306655,-0.09566397
222,0.8079965,0.23405448,0.4571323,1.1148382,-0.86306655,-0.09566397
223,-0.023361973,0.03718348,1.0041828,1.1148382,-0.86306655,-0.09566397
224,-0.39285406,-0.05031475,1.2473166,1.1848524,-0.8586892,-0.07161077
225,-0.39285406,-0.05031475,1.2473166,1.2723653,-0.8532174,-0.041544218
226,-0.39285406,-0.05031475,1.2473166,1.3511289,-0.84829295,-0.014484378
227,-0.19521718,0.017035855,0.6056632,1.3511289,-0.84829295,-0.014484378
228,-0.18423776,0.020777555,0.5700158,1.3859293,-0.77648664,0.021385653
229,-0.18423776,0.020777555,0.5700158,1.422566,-0.7009008,0.05914362
230,0.63816935,0.50131714,-0.99730045,1.4298925,-0.6857837,0.06669521
231,0.91230595,0.661497,-1.5197395,1.4298925,-0.6857837,0.06669521
232,0.91230595,0.661497,-1.5197395,1.4298925,-0.6857837,0.06669521
233,0.51356286,0.7002746,-1.0682056,1.4298925,-0.6857837,0.06669521
234,-0.18423776,0.7681354,-0.27802128,1.4298925,-0.6651693,0.08651817
235,-0.18423776,0.7681354,-0.27802128,1.4298925,-0.59645516,0.15259457
236,-0.18423776,0.7681354,-0.27802128,1.4298925,-0.53804797,0.2087595
237,0.22226894,0.49107742,-0.37551144,1.4298925,-0.53804797,0.2087595
238,0.28645447,0.4473314,-0.39090475,1.3319187,-0.45841485,0.25924924
239,0.28645447,0.4473314,-0.39090475,1.216653,-0.3647288,0.31864896
240,0.022913266,-0.12329544,-0.15743583,1.1936017,-0.34599158,0.3305289
241,-0.2885459,-0.7976727,0.11848188,1.1936017,-0.34599158,0.3305289
242,-0.2885459,-0.7976727,0.11848188,1.1936017,-0.34599158,0.3305289
243,-0.5508513,-1.2965995,-0.2404624,1.1936017,-0.34599158,0.3305289
244,-1.133751,-2.4053257,-1.0381172,1.1936017,-0.34599158,0.3305289
245,-1.2794759,-2.6825073,-1.2375306,1.1241068,-0.26126087,0.33948255
246,-1.2794759,-2.6825073,-1.2375306,1.0360746,-0.15393516,0.3508238
247,-0.99172854,-1.7798803,-1.8922547,1.0360746,-0.15393516,0.3508238
248,-0.75793386,-1.0464958,-2.4242182,0.89823836,-0.06991048,0.40409788
249,-0.75793386,-1.0464958,-2.4242182,0.5044205,0.17016003,0.55630964
250,-0.9218467,-0.86747,-1.7674378,0.40596604,0.23017766,0.59436256
251,-1.2198713,-0.5419688,-0.5732922,0.40596604,0.23017766,0.59436256
252,-1.2794759,-0.47686863,-0.33446285,0.40596604,0.23017766,0.59436256
253,-1.1602666,-0.63953453,-0.58173144,0.40596604,0.23017766,0.59436256
254,-0.86224204,-1.0461996,-1.1999028,0.40596604,0.23017766,0.59436256
255,-0.6536257,-1.3308649,-1.6326226,0.31144878,0.3117276,0.6528118
256,-0.6536257,-1.3308649,-1.6326226,0.012148166,0.5699698,0.83790135
257,-0.39412668,-1.4635129,-1.5858176,0.012148166,0.5699698,0.83790135
258,-0.088832796,-1.6195691,-1.5307525,0.012148166,0.5699698,0.83790135
259,-0.02777427,-1.6507803,-1.5197395,-0.46793273,0.85137093,1.0079919
260,-0.053272042,-1.6420913,-1.574927,-0.61796045,0.939309,1.0611452
261,-0.099630944,-1.626293,-1.6752676,-0.61796045,0.939309,1.0611452
262,-0.13208368,-1.6152341,-1.745506,-0.61796045,0.939309,1.0611452
263,-0.14077519,-1.630045,-1.7643201,-0.61796045,0.939309,1.0611452
264,-0.18423776,-1.7040997,-1.8583896,-0.61796045,0.939309,1.0611452
265,-0.22769907,-1.778154,-1.9524593,-0.61796045,0.939309,1.0611452
266,-0.23639184,-1.7929649,-1.9712731,-1.2149031,1.2005678,1.3516828
267,-0.39507353,-1.8816979,-1.9712731,-1.3268327,1.249554,1.4061584
268,-0.63919985,-2.0182102,-1.9712731,-1.3268327,1.249554,1.4061584
269,-0.8100879,-2.1137693,-1.9712731,-1.3583399,1.3086482,1.471102
270,-0.7957711,-2.0502214,-1.9170448,-1.4055961,1.3972898,1.5685176
271,-0.7548664,-1.8686574,-1.7621069,-1.4055961,1.3972898,1.5685176
272,-0.71396047,-1.6870931,-1.6071687,-1.4055961,1.3972898,1.5685176
273,-0.6770054,-1.6213629,-1.5528258,-1.4055961,1.3972898,1.5685176
274,-0.5331311,-1.4742754,-1.4360497,-1.4055961,1.3972898,1.5685176
275,-0.3892568,-1.3271878,-1.319274,-1.4055961,1.3972898,1.5685176
276,-0.2885459,-1.2242265,-1.2375306,-1.7206504,1.589346,1.7714666
277,-0.3042748,-1.1384643,-1.1183759,-1.7206504,1.589346,1.7714666
278,-0.32083136,-1.0481883,-0.99294996,-1.7206504,1.589346,1.7714666
279,-0.3373892,-0.9579125,-0.8675236,-1.7206504,1.589346,1.7714666
280,-0.3407,-0.9398572,-0.84243864,-2.0357049,1.7518554,1.9744155
281,-0.3407,-0.9398572,-0.84243864,-2.0357049,1.7518554,1.9744155
282,-0.3407,-0.9398572,-0.84243864,-2.0357049,1.7518554,1.9744155
283,0.024379807,-1.3664111,-0.6166717,-2.041137,1.7526196,1.9779146
284,0.024379807,-1.3664111,-0.6166717,-2.1497784,1.7679026,2.047897
285,0.024379807,-1.3664111,-0.6166717,-2.2584147,1.7831856,2.1178796
286,0.024379807,-1.3664111,-0.6166717,-2.350759,1.7961761,2.1773646
287,-1.383784,-0.33468398,-0.44734633,-2.2940516,1.7819936,2.160317
288,-1.383784,-0.33468398,-0.44734633,-2.1050172,1.734718,2.103491
289,-1.383784,-0.33468398,-0.44734633,-1.9159826,1.6874428,2.0466654
290,-0.9665502,-0.86876494,-0.22157937,-1.8781776,1.6779876,2.0353003
291,-0.9665502,-0.86876494,-0.22157937,-1.8781776,1.6779876,2.0353003
292,-0.9665502,-0.86876494,-0.22157937,-1.8781776,1.6779876,2.0353003
293,-0.47977796,-1.0583445,-0.37209067,-1.8781776,1.6779876,2.0353003
294,-0.23639184,-1.1531342,-0.44734633,-1.8552659,1.6307119,1.9467407
295,-0.23639184,-1.1531342,-0.44734633,-1.8266237,1.5716176,1.8360413
296,-0.23639184,-1.1531342,-0.44734633,-1.799414,1.5154783,1.7308768
297,0.2343004,-0.47686863,-1.1246471,-1.7874293,1.5103394,1.7220528
298,0.2343004,-0.47686863,-1.1246471,-1.547711,1.4075669,1.5455756
299,0.2343004,-0.47686863,-1.1246471,-1.3079975,1.3047944,1.3690983
300,0.030976068,-0.22386362,-0.46726707,-1.248069,1.2791011,1.3249788
301,-0.079928346,-0.08586091,-0.108695894,-1.248069,1.2791011,1.3249788
302,-0.079928346,-0.08586091,-0.108695894,-1.248069,1.2791011,1.3249788
303,0.18599838,-0.006689927,-0.03641212,-1.248069,1.2791011,1.3249788
304,0.75584245,0.16296218,0.11848188,-1.2022742,1.2447438,1.2943006
305,0.75584245,0.16296218,0.11848188,-1.0191047,1.1073155,1.1715872
306,0.75584245,0.16296218,0.11848188,-0.85425115,0.9836297,1.0611452
307,1.1825588,0.8907697,1.2729722,-0.85425115,0.9836297,1.0611452
308,1.2773845,1.0525048,1.5295252,-0.8849893,0.85679334,0.94234574
309,1.2773845,1.0525048,1.5295252,-0.92340964,0.69824755,0.79384655
310,0.6572192,0.98994344,1.0576724,-0.93301475,0.6586112,0.75672174
311,-0.13208368,0.9103201,0.4571323,-0.93301475,0.6586112,0.75672174
312,-0.13208368,0.9103201,0.4571323,-0.93301475,0.6586112,0.75672174
313,0.2609149,0.72610736,0.24431388,-0.93301475,0.6586112,0.75672174
314,1.2434081,0.26557556,-0.2877325,-0.93301475,0.6586112,0.75672174
315,1.5381562,0.12741601,-0.44734633,-0.7659402,0.51445705,0.5845226
316,1.5381562,0.12741601,-0.44734633,-0.53919685,0.31881908,0.3508238
317,1.9202678,0.16740544,-0.38384956,-0.53919685,0.31881908,0.3508238
318,2.2174654,0.19850832,-0.33446285,-0.49346456,0.2501933,0.2683348
319,2.2174654,0.19850832,-0.33446285,-0.34101877,0.021441469,-0.006628296
320,1.1676005,0.43339226,0.25136188,-0.30290613,-0.0357466,-0.075369075
321,-0.7412442,0.86045396,1.3164982,-0.30290613,-0.0357466,-0.075369075
322,-1.1230136,0.9458663,1.5295252,-0.30290613,-0.0357466,-0.075369075
323,-0.6621005,1.0051099,1.3696071,-0.30290613,-0.0357466,-0.075369075
324,0.6547944,1.1743772,0.9126981,-0.30290613,-0.0357466,-0.075369075
325,1.6424643,1.3013277,0.5700158,-0.22085914,-0.1065367,-0.14301871
326,1.6424643,1.3013277,0.5700158,0.09091174,-0.3755387,-0.40008745
327,0.7925364,0.84392494,0.7151519,0.09091174,-0.3755387,-0.40008745
328,-0.15182684,0.33569956,0.8764135,0.09091174,-0.3755387,-0.40008745
329,-0.3407,0.23405448,0.90866655,-0.0891186,-0.5781476,-0.57017803
330,-0.2387089,0.312256,0.7293069,-0.14537898,-0.641463,-0.6233313
331,-0.053272042,0.45444065,0.40319932,-0.14537898,-0.641463,-0.6233313
332,0.076533884,0.55396986,0.17492379,-0.14537898,-0.641463,-0.6233313
333,0.09402716,0.62513626,0.28780726,-0.14537898,-0.641463,-0.6233313
334,0.18149482,0.98096806,0.8522243,-0.14537898,-0.641463,-0.6233313
335,0.2689612,1.3367999,1.416642,-0.14537898,-0.641463,-0.6233313
336,0.28645447,1.4079663,1.5295252,0.05360192,-0.8156356,-0.72587395
337,0.39529788,1.2874184,1.190875,0.09091174,-0.84829295,-0.7451007
338,0.57670397,1.0865054,0.62645733,0.09091174,-0.84829295,-0.7451007
339,0.7036884,0.9458663,0.23136535,0.15842132,-0.9052768,-0.76249635
340,0.7518307,0.9185231,0.28346536,0.2484389,-0.9812551,-0.7856905
341,0.87218714,0.85016507,0.41371575,0.2484389,-0.9812551,-0.7856905
342,0.99254227,0.781807,0.54396576,0.2484389,-0.9812551,-0.7856905
343,0.9836746,0.77374804,0.5551626,0.2484389,-0.9812551,-0.7856905
344,0.7640776,0.81116503,0.45614225,0.2484389,-0.9812551,-0.7856905
345,0.5444806,0.848582,0.35712156,0.2484389,-0.9812551,-0.7856905
346,0.39076263,0.874774,0.28780726,0.40596604,-1.0698965,-1.0495242
347,0.37446463,0.9858557,0.44654968,0.40596604,-1.0698965,-1.0495242
348,0.35816666,1.0969374,0.6052921,0.40596604,-1.0698965,-1.0495242
349,0.34186867,1.2080191,0.7640345,0.40596604,-1.0698965,-1.0495242
350,0.33860856,1.2302355,0.79578274,0.7997839,-1.0846701,-1.1509987
351,0.33860856,1.2302355,0.79578274,0.7997839,-1.0846701,-1.1509987
352,0.33860856,1.2302355,0.79578274,0.7997839,-1.0846701,-1.1509987
353,-0.079928346,0.83922774,0.4571323,0.7997839,-1.085171,-1.1516865
354,-0.079928346,0.83922774,0.4571323,0.7997839,-1.095187,-1.1654459
355,-0.079928346,0.83922774,0.4571323,0.7997839,-1.1052028,-1.1792052
356,-0.079928346,0.83922774,0.4571323,0.7997839,-1.1142172,-1.1915884
357,-0.02777427,0.8036816,0.062040318,0.7997839,-1.1142172,-1.1915884
358,-0.02777427,0.8036816,0.062040318,0.7997839,-1.1142172,-1.1915884
359,-0.02777427,0.8036816,0.062040318,0.7997839,-1.1142172,-1.1915884
360,0.39076263,0.58951604,0.62645733,0.7997839,-1.1142172,-1.1915884
361,0.39076263,0.58951604,0.62645733,0.7997839,-1.1142172,-1.1915884
362,0.39076263,0.58951604,0.62645733,0.7997839,-1.1142172,-1.1915884
363,0.2690702,0.34069294,0.49476013,0.7997839,-1.1142172,-1.1915884
364,0.18214633,0.16296218,0.40069073,0.7779057,-1.1101135,-1.185951
365,0.18214633,0.16296218,0.40069073,0.7487347,-1.1046418,-1.1784344
366,0.18214633,0.16296218,0.40069073,0.72102034,-1.0994437,-1.1712935
367,0.2343004,-0.05031475,-0.22157937,0.7260488,-1.097872,-1.169998
368,0.2343004,-0.05031475,-0.22157937,0.8265993,-1.0664389,-1.1440897
369,0.2343004,-0.05031475,-0.22157937,0.92714494,-1.0350056,-1.1181813
370,-0.16101268,0.071875155,-0.49320525,0.95731103,-1.0255758,-1.1104089
371,-0.3407,0.12741601,-0.6166717,0.95731103,-1.0255758,-1.1104089
372,-0.3407,0.12741601,-0.6166717,0.95731103,-1.0255758,-1.1104089
373,0.11173845,0.3172917,0.0046577393,0.95731103,-1.0255758,-1.1104089
374,1.0166141,0.6970432,1.2473166,0.95731103,-1.011787,-1.094173
375,1.0166141,0.6970432,1.2473166,0.95731103,-0.96582484,-1.0400532
376,1.0166141,0.6970432,1.2473166,0.95731103,-0.9221608,-0.9886395
377,-0.6732459,0.66826767,0.9731712,0.95731103,-0.9221608,-0.9886395
378,-1.0708596,0.661497,0.90866655,0.9273036,-0.8771365,-0.9035942
379,-1.0708596,0.661497,0.90866655,0.8898015,-0.8208563,-0.79728764
380,-0.60949516,0.40139484,0.32199785,0.8785475,-0.80397224,-0.7653956
381,0.12868796,-0.014768598,-0.6166717,0.8785475,-0.80397224,-0.7653956
382,0.12868796,-0.014768598,-0.6166717,0.8785475,-0.80397224,-0.7653956
383,0.40553957,0.015391777,-0.6406164,0.8785475,-0.80397224,-0.7653956
384,1.1965461,0.10156427,-0.70903087,0.8785475,-0.80397224,-0.7653956
385,1.4338479,0.12741601,-0.7295552,0.7407112,-0.73287445,-0.6233313
386,1.4338479,0.12741601,-0.7295552,0.5634932,-0.641463,-0.44067723
387,0.85957766,0.2525385,-0.75438946,0.5634932,-0.641463,-0.44067723
388,0.12868796,0.41178524,-0.78599674,0.5634932,-0.6042908,-0.38961267
389,0.12868796,0.41178524,-0.78599674,0.5634932,-0.48038337,-0.2193974
390,0.32035476,0.28144935,-0.6166717,0.5634932,-0.44940656,-0.17684355
391,0.6397994,0.06422286,-0.33446285,0.5634932,-0.44940656,-0.17684355
392,0.7036884,0.020777555,-0.27802128,0.5634932,-0.44940656,-0.17684355
393,0.36567935,-0.1622005,-0.22399843,0.5634932,-0.44940656,-0.17684355
394,-0.47934318,-0.61964566,-0.088941485,0.5634932,-0.44940656,-0.17684355
395,-1.0708596,-0.9398572,0.005598409,0.602875,-0.40877923,-0.12610632
396,-1.0708596,-0.9398572,0.005598409,0.72102034,-0.2868973,0.026105419
397,-1.2720253,-1.1379001,-0.14014198,0.72102034,-0.2868973,0.026105419
398,-1.4955441,-1.3579477,-0.3020761,0.72102034,-0.2868973,0.026105419
399,-1.5402476,-1.4019573,-0.33446285,0.7714302,-0.17343639,0.15599279
400,-1.4868208,-1.529555,-0.7394324,0.7997839,-0.109614454,0.22905439
401,-1.3341739,-1.89412,-1.896488,0.7997839,-0.109614454,0.22905439
402,-1.2273219,-2.1493154,-2.7064269,0.7997839,-0.109614454,0.22905439
403,-1.244706,-2.048527,-2.5793154,0.7997839,-0.109614454,0.22905439
404,-1.33163,-1.5445862,-1.9437577,0.7997839,-0.109614454,0.22905439
405,-1.4185538,-1.0406455,-1.3082006,0.7997839,-0.109614454,0.22905439
406,-1.4359394,-0.9398572,-1.181089,0.53447604,0.18896717,0.38286838
407,-1.3493856,-0.92019343,-0.96252716,0.48472962,0.24495123,0.41170847
408,-1.2162259,-0.8899414,-0.6262787,0.48472962,0.24495123,0.41170847
409,-1.1230136,-0.86876494,-0.39090475,0.26419255,0.37495846,0.57406765
410,-0.94387394,-1.0053737,-0.62331194,-0.06661541,0.5699698,0.81760645
411,-0.43204632,-1.3956845,-1.2873323,-0.06661541,0.5699698,0.81760645
412,0.07978131,-1.7859951,-1.9513526,-0.06661541,0.5699698,0.81760645
413,0.20013015,-1.8370912,-2.0296612,-0.06661541,0.5699698,0.81760645
414,0.29005176,-1.702261,-1.7571837,-0.06661541,0.5699698,0.81760645
415,0.3799721,-1.5674307,-1.4847066,-0.06661541,0.5699698,0.81760645
416,0.44291672,-1.4730495,-1.2939725,-0.46043327,0.88021475,1.1423248
417,0.30096272,-1.5802523,-1.532282,-0.46043327,0.88021475,1.1423248
418,0.15153658,-1.6930972,-1.7831339,-0.46043327,0.88021475,1.1423248
419,0.0021104491,-1.8059422,-2.033986,-0.46043327,0.88021475,1.1423248
420,-0.02777427,-1.828511,-2.0841565,-0.93301475,1.1018183,1.3858635
421,-0.02777427,-1.828511,-2.0841565,-0.93301475,1.1018183,1.3858635
422,-0.02777427,-1.828511,-2.0841565,-0.93301475,1.1018183,1.3858635
423,-0.18423776,-2.0426767,-1.3504142,-0.93301475,1.1062502,1.3885695
424,-0.18423776,-2.0426767,-1.3504142,-0.93301475,1.1948916,1.4426893
425,-0.18423776,-2.0426767,-1.3504142,-0.93301475,1.283533,1.4968091
426,-0.18423776,-2.0426767,-1.3504142,-0.93301475,1.3677425,1.5482227
427,-0.9143961,-1.828511,-1.1246471,-0.9881502,1.4022144,1.5861065
428,-0.9143961,-1.828511,-1.1246471,-1.0669137,1.4514593,1.6402264
429,-0.9143961,-1.828511,-1.1246471,-1.1456773,1.5007046,1.6943458
430,-0.6536257,-1.4730495,-1.4068561,-1.1693054,1.5154783,1.7105819
431,-0.6536257,-1.4730495,-1.4068561,-1.1693054,1.5154783,1.7105819
432,-0.6536257,-1.4730495,-1.4068561,-1.1693054,1.5154783,1.7105819
433,-0.62233275,-1.4943773,-0.457788,-1.1693054,1.5154783,1.7105819
434,-0.60147166,-1.5085957,0.17492379,-1.4026781,1.5767615,1.7286217
435,-0.60147166,-1.5085957,0.17492379,-1.6943976,1.653365,1.7511717
436,-0.60147166,-1.5085957,0.17492379,-1.9569412,1.7223083,1.7714666
437,-0.39285406,-0.7265804,-0.108695894,-1.9774878,1.7280891,1.7749963
438,-0.39285406,-0.7265804,-0.108695894,-2.1829586,1.7858989,1.8102915
439,-0.39285406,-0.7265804,-0.108695894,-2.3884294,1.8437083,1.8455871
440,-0.071694426,-0.28819337,0.046741657,-2.4295228,1.8552704,1.8526461
441,0.076533884,-0.08586091,0.11848188,-2.4295228,1.8552704,1.8526461
442,0.076533884,-0.08586091,0.11848188,-2.4295228,1.8552704,1.8526461
443,-0.22480148,-0.18065065,0.20628037,-2.4295228,1.8552704,1.8526461
444,-1.2794759,-0.51241475,0.51357424,-2.397299,1.8472123,1.816669
445,-1.2794759,-0.51241475,0.51357424,-2.2898982,1.8203509,1.6967443
446,-1.2794759,-0.51241475,0.51357424,-2.1932318,1.7961761,1.5888125
447,-1.2794759,-0.541498,-0.18027426,-2.1932318,1.7961761,1.5888125
448,-1.2794759,-0.5479609,-0.33446285,-2.1110456,1.7088192,1.4123352
449,-1.2794759,-0.5479609,-0.33446285,-2.0083077,1.5996233,1.1917385
450,-1.0917207,-0.5799525,-0.3852604,-1.9569412,1.5450253,1.0814401
451,-0.6536257,-0.65459937,-0.50378823,-1.9569412,1.5450253,1.0814401
452,-0.6536257,-0.65459937,-0.50378823,-1.9569412,1.5450253,1.0814401
453,0.14237863,-0.56573397,-0.2917788,-1.9569412,1.5450253,1.0814401
454,2.132388,-0.34357053,0.23824428,-1.9569412,1.5450253,1.0814401
455,2.5303905,-0.29913783,0.34424883,-1.8086826,1.3781708,0.8999798
456,2.5303905,-0.29913783,0.34424883,-1.641887,1.1904597,0.695837
457,2.358786,0.48107162,1.7069074,-1.641887,1.1904597,0.695837
458,2.2174654,1.1235969,2.829096,-1.5809106,1.113256,0.61727625
459,2.2174654,1.1235969,2.829096,-1.3776462,0.8559097,0.35540652
460,1.5911797,1.0288073,2.076069,-1.3268327,0.79157335,0.28993908
461,0.5473706,0.87082434,0.8210248,-1.3268327,0.79157335,0.28993908
462,0.33860856,0.83922774,0.5700158,-1.3268327,0.79157335,0.28993908
463,-0.026906008,0.7857604,0.59823656,-1.3268327,0.79157335,0.28993908
464,-1.0712322,0.6329966,0.67886806,-1.3268327,0.79157335,0.28993908
465,-1.8544763,0.5184237,0.73934114,-1.2925899,0.71128213,0.18405265
466,-1.8544763,0.5184237,0.73934114,-1.1693054,0.42223406,-0.19713846
467,-1.2951224,0.5949749,0.6909627,-1.1693054,0.42223406,-0.19713846
468,-0.6736173,0.6800318,0.63720834,-1.1693054,0.42223406,-0.19713846
469,-0.5493163,0.6970432,0.62645733,-1.0792879,0.22806722,-0.47546846
470,-0.38006207,0.7748604,0.6767974,-1.0117784,0.082441956,-0.684216
471,0.74830186,1.2936422,1.0123967,-1.0117784,0.082441956,-0.684216
472,1.5381562,1.6567893,1.2473166,-1.0117784,0.082441956,-0.684216
473,1.5772723,1.5768105,1.2096891,-1.0117784,0.082441956,-0.684216
474,1.7728508,1.1769162,1.0215497,-1.0117784,0.082441956,-0.684216
475,1.9684291,0.777022,0.8334109,-1.0117784,0.082441956,-0.684216
476,2.007544,0.6970432,0.79578274,-0.6617169,-0.27212372,-0.882655
477,1.5747752,0.35268033,0.780171,-0.61796045,-0.31644443,-0.90745986
478,0.90897614,-0.17710865,0.75615317,-0.61796045,-0.31644443,-0.90745986
479,0.44291672,-0.5479609,0.73934114,-0.49194065,-0.48190838,-0.9805215
480,0.2995697,-0.3478047,0.677366,-0.30290613,-0.7301044,-1.090114
481,-0.10999432,0.22407019,0.50029373,-0.30290613,-0.7301044,-1.090114
482,-0.5195583,0.7959451,0.32322145,-0.30290613,-0.7301044,-1.090114
483,-0.5583095,0.9519949,0.24878438,-0.30290613,-0.7301044,-1.090114
484,-0.34249863,1.1603689,0.053671338,-0.30290613,-0.7301044,-1.090114
485,-0.12668778,1.3687428,-0.14144205,-0.30290613,-0.7301044,-1.090114
486,0.024379807,1.5146047,-0.27802128,-0.30290613,-1.0255758,-1.0698191
487,0.24497941,1.4931642,-0.20993263,-0.30290613,-1.0255758,-1.0698191
488,0.47718963,1.4705952,-0.13826065,-0.30290613,-1.0255758,-1.0698191
489,0.70940113,1.4480262,-0.06658866,-0.30290613,-1.0255758,-1.0698191
490,0.75584245,1.4435123,-0.052254334,0.16967532,-1.1880851,-0.8668701
491,0.75584245,1.4435123,-0.052254334,0.16967532,-1.1880851,-0.8668701
492,0.75584245,1.4435123,-0.052254334,0.16967532,-1.1880851,-0.8668701
493,-0.23639184,0.8036816,0.62645733,0.17348754,-1.1923742,-0.8668701
494,-0.23639184,0.8036816,0.62645733,0.19889437,-1.2209681,-0.8668701
495,-0.23639184,0.8036816,0.62645733,0.2243012,-1.2495621,-0.8668701
496,-0.23639184,0.8036816,0.62645733,0.2484389,-1.2767265,-0.8668701
497,0.2343004,0.7681354,-0.84243864,0.26772597,-1.2731084,-0.8652134
498,0.2343004,0.7681354,-0.84243864,0.36417097,-1.2550184,-0.8569297
499,0.2343004,0.7681354,-0.84243864,0.46061596,-1.2369283,-0.84864604
500,0.49507207,1.1235969,0.17492379,0.48472962,-1.2324058,-0.8465752
501,0.49507207,1.1235969,0.17492379,0.48472962,-1.2324058,-0.8465752
502,0.49507207,1.1235969,0.17492379,0.48472962,-1.2324058,-0.8465752
503,0.26191878,1.1688375,0.030355895,0.48472962,-1.2324058,-0.8465752
504,0.12868796,1.1946893,-0.052254334,0.50764143,-1.2495968,-0.80524737
505,0.12868796,1.1946893,-0.052254334,0.5362836,-1.2710856,-0.75358766
506,0.12868796,1.1946893,-0.052254334,0.5634932,-1.2915001,-0.7045109
507,-0.2885459,0.661497,-0.6731133,0.58166975,-1.2949094,-0.6857772
508,-0.2885459,0.661497,-0.6731133,0.64225674,-1.3062736,-0.6233313
509,-0.2885459,0.661497,-0.6731133,0.7028438,-1.3176378,-0.5608855
510,0.19033208,0.4437274,-0.88006645,0.72102034,-1.3210472,-0.54215175
511,0.49507207,0.30514678,-1.0117637,0.72102034,-1.3210472,-0.54215175
512,0.49507207,0.30514678,-1.0117637,0.72102034,-1.3210472,-0.54215175
513,0.32078952,0.44762766,-0.65382904,0.72102034,-1.3210472,-0.54215175
514,-0.02777427,0.73258924,0.062040318,0.74202365,-1.3171077,-0.5232098
515,-0.02777427,0.73258924,0.062040318,0.8120378,-1.3039756,-0.46007013
516,-0.02777427,0.73258924,0.062040318,0.8785475,-1.2915001,-0.40008745
517,0.184381,0.905242,0.016349413,0.8785475,-1.2915001,-0.40008745
518,0.2343004,0.9458663,0.005598409,1.0250851,-1.2310315,-0.33967474
519,0.2343004,0.9458663,0.005598409,1.2082546,-1.1554457,-0.26415884
520,-0.2560057,0.7507874,0.027684433,1.2723653,-1.1289908,-0.23772825
521,-1.0187055,0.4473314,0.062040318,1.2723653,-1.1289908,-0.23772825
522,-1.0187055,0.4473314,0.062040318,1.2723653,-1.1289908,-0.23772825
523,-0.5392533,0.43177998,-0.098774455,1.2723653,-1.1289908,-0.23772825
524,0.83061063,0.38734728,-0.5582456,1.2723653,-1.1289908,-0.23772825
525,1.1730763,0.3762391,-0.6731133,1.3071128,-1.0964019,-0.1302847
526,1.1730763,0.3762391,-0.6731133,1.3511289,-1.055123,0.00581052
527,1.0014721,0.45421132,-0.7040652,1.3511289,-1.055123,0.00581052
528,0.8601506,0.5184237,-0.7295552,1.3363608,-1.0274225,0.02864228
529,0.8601506,0.5184237,-0.7295552,1.2871336,-0.9350877,0.104748145
530,0.72209555,0.49751425,-0.58015054,1.2723653,-0.90738726,0.12757991
531,0.4459854,0.45569518,-0.28134122,1.2723653,-0.90738726,0.12757991
532,0.39076263,0.4473314,-0.22157937,1.2723653,-0.90738726,0.12757991
533,0.4064091,0.46332717,-0.25544453,1.2723653,-0.90738726,0.12757991
534,0.45856318,0.5166464,-0.368328,1.2723653,-0.90738726,0.12757991
535,0.49507207,0.55396986,-0.44734633,1.2526745,-0.86306655,0.1884646
536,0.49507207,0.55396986,-0.44734633,1.1936017,-0.7301044,0.3711187
537,0.27529508,0.38146648,-0.081678815,1.1936017,-0.7301044,0.3711187
538,-0.124298476,0.06782393,0.5831714,1.1936017,-0.7301044,0.3711187
539,-0.18423776,0.020777555,0.6828996,1.2573617,-0.61050874,0.55183995
540,-0.4871753,-0.107037336,0.62045324,1.2723653,-0.5823687,0.59436256
541,-0.9532347,-0.30367565,0.5243821,1.2723653,-0.5823687,0.59436256
542,-1.2794759,-0.44132245,0.4571323,1.2723653,-0.5823687,0.59436256
543,-1.2533989,-0.48879138,0.37705567,1.2723653,-0.5823687,0.59436256
544,-1.1230136,-0.72613597,-0.02332779,1.2723653,-0.5823687,0.59436256
545,-0.99262846,-0.96348065,-0.42371127,1.2723653,-0.5823687,0.59436256
546,-0.9665502,-1.0109496,-0.50378823,1.1323417,-0.41165185,0.59436256
547,-0.99540186,-0.9421262,-0.31605926,1.1148382,-0.39031228,0.59436256
548,-1.0397885,-0.836244,-0.02724582,1.1148382,-0.39031228,0.59436256
549,-1.0708596,-0.7621265,0.17492379,1.0833309,-0.2839426,0.5862446
550,-0.9491659,-0.6253958,0.19816448,1.0360746,-0.124388024,0.57406765
551,-0.60147166,-0.23473655,0.26456657,1.0360746,-0.124388024,0.57406765
552,-0.2537761,0.15592264,0.33096835,1.0360746,-0.124388024,0.57406765
553,-0.13550858,0.206943,0.37294802,1.0360746,-0.124388024,0.57406765
554,0.05940692,0.098497115,0.48774472,1.0360746,-0.124388024,0.57406765
555,0.2543224,-0.009948779,0.60254174,1.0360746,-0.124388024,0.57406765
556,0.39076263,-0.08586091,0.6828996,0.8785475,0.14153624,0.57406765
557,0.1072463,-0.42917752,0.34203142,0.8785475,0.14153624,0.57406765
558,-0.19119148,-0.7905634,-0.016776709,0.8785475,0.14153624,0.57406765
559,-0.48962924,-1.1519493,-0.37558484,0.8785475,0.14153624,0.57406765
560,-0.5493163,-1.2242265,-0.44734633,0.64225674,0.37791336,0.49288806
561,-0.5493163,-1.2242265,-0.44734633,0.64225674,0.37791336,0.49288806
562,-0.5493163,-1.2242265,-0.44734633,0.64225674,0.37791336,0.49288806
563,-0.079928346,-0.7621265,0.4571323,0.63844454,0.38935107,0.49288806
564,-0.079928346,-0.7621265,0.4571323,0.6130377,0.46560168,0.49288806
565,-0.079928346,-0.7621265,0.4571323,0.58763087,0.5418523,0.49288806
566,-0.079928346,-0.7621265,0.4571323,0.5634932,0.6142905,0.49288806
567,0.65153426,-1.0109496,0.4571323,0.45322224,0.6556563,0.49288806
568,0.65153426,-1.0109496,0.4571323,0.2956951,0.7147506,0.49288806
569,0.65153426,-1.0109496,0.4571323,0.13816796,0.77384484,0.49288806
570,-0.9143961,-1.1531342,-0.5602298,0.09091174,0.79157335,0.49288806
571,-0.9143961,-1.1531342,-0.5602298,0.09091174,0.79157335,0.49288806
572,-0.9143961,-1.1531342,-0.5602298,0.09091174,0.79157335,0.49288806
573,-0.6953492,-0.8113579,-0.3570396,0.09091174,0.79157335,0.49288806
574,-0.5493163,-0.58350706,-0.22157937,-0.021609025,0.8295627,0.45229828
575,-0.5493163,-0.58350706,-0.22157937,-0.16225758,0.87704885,0.40156102
576,-0.5493163,-0.58350706,-0.22157937,-0.30290613,0.92453545,0.3508238
577,0.24514292,-0.9659556,-0.1710788,-0.30290613,0.92453545,0.3508238
578,0.33860856,-1.0109496,-0.16513781,-0.33512977,0.97892916,0.2844041
579,0.33860856,-1.0109496,-0.16513781,-0.3709301,1.0393665,0.21060447
580,0.05958311,-0.65489554,-0.46616042,-0.3816697,1.0574976,0.1884646
581,-0.079928346,-0.47686863,-0.6166717,-0.3816697,1.0574976,0.1884646
582,-0.079928346,-0.47686863,-0.6166717,-0.3816697,1.0574976,0.1884646
583,-0.15816073,-0.24226399,-0.41305798,-0.3816697,1.0574976,0.1884646
584,-0.3407,0.30514678,0.062040318,-0.3709301,1.0715998,0.19676708
585,-0.3407,0.30514678,0.062040318,-0.33512977,1.1186063,0.22444193
586,-0.3407,0.30514678,0.062040318,-0.30290613,1.1609125,0.2493493
587,-0.42604327,0.07248106,0.01586073,-0.30290613,1.1609125,0.2493493
588,-0.44500816,0.020777555,0.005598409,-0.27216795,1.1551471,0.2810291
589,-0.44500816,0.020777555,0.005598409,-0.23374763,1.1479406,0.32062894
590,-0.8274722,-0.34162867,-0.13294515,-0.22414255,1.146139,0.3305289
591,-1.383784,-0.86876494,-0.33446285,-0.22414255,1.146139,0.3305289
592,-1.383784,-0.86876494,-0.33446285,-0.22414255,1.146139,0.3305289
593,-1.383784,-0.9366258,-0.3584079,-0.22414255,1.146139,0.3305289
594,-1.383784,-1.1305139,-0.426822,-0.22414255,1.146139,0.3305289
595,-1.383784,-1.1886804,-0.44734633,-0.25755844,1.0834632,0.29608908
596,-1.383784,-1.1886804,-0.44734633,-0.30290613,0.9984033,0.2493493
597,-0.12463818,-0.6034014,-0.8806731,-0.30290613,0.9984033,0.2493493
598,0.91230595,-0.12140706,-1.2375306,-0.30290613,0.96239275,0.23412812
599,0.91230595,-0.12140706,-1.2375306,-0.30290613,0.84235746,0.18339087
600,0.91230595,0.07248106,-0.9604531,-0.30290613,0.8063469,0.1681697
601,0.91230595,0.5033435,-0.34472516,-0.30290613,0.8063469,0.1681697
602,0.91230595,0.58951604,-0.22157937,-0.30290613,0.8063469,0.1681697
603,1.0166141,0.8564084,0.12671301,-0.30290613,0.8063469,0.1681697
604,1.3146386,1.618958,1.1218348,-0.30290613,0.8063469,0.1681697
605,1.5381562,2.1908703,1.8681759,-0.2536789,0.75710154,0.16394162
606,1.5381562,2.1908703,1.8681759,-0.06661541,0.5699698,0.1478748
607,1.2570317,2.161393,1.8915784,-0.06661541,0.5699698,0.1478748
608,0.92629826,2.126714,1.9191107,-0.06661541,0.5699698,0.1478748
609,0.8601506,2.1197782,1.9246174,0.18542899,0.4375987,0.06994239
610,0.53046674,1.7067924,1.577466,0.32720247,0.36313978,0.026105419
611,-0.4114894,0.5268334,0.5856063,0.32720247,0.36313978,0.026105419
612,-1.0708596,-0.29913783,-0.108695894,0.32720247,0.36313978,0.026105419
613,-1.027397,-0.24581861,-0.08506118,0.32720247,0.36313978,0.026105419
614,-0.8100879,0.020777555,0.033113774,0.32720247,0.36313978,0.026105419
615,-0.59277886,0.28737372,0.15128873,0.32720247,0.36313978,0.026105419
616,-0.5493163,0.34069294,0.17492379,0.18717887,0.11363066,-0.11821385
617,-0.22949137,0.6727162,0.43831855,0.16967532,0.082441956,-0.13625376
618,0.2274012,1.1470352,0.81459683,0.16967532,0.082441956,-0.13625376
619,0.54722613,1.4790585,1.0779912,0.20118266,-0.029837264,-0.15248966
620,0.59017664,1.5132108,1.0160161,0.2484389,-0.19825587,-0.17684355
621,0.71289194,1.6107885,0.8389438,0.2484389,-0.19825587,-0.17684355
622,0.83560854,1.7083662,0.6618722,0.2484389,-0.19825587,-0.17684355
623,0.7849032,1.6857083,0.5641564,0.2484389,-0.19825587,-0.17684355
624,0.4839114,1.5170146,0.31495193,0.2484389,-0.19825587,-0.17684355
625,0.18291953,1.348321,0.0657471,0.2484389,-0.19825587,-0.17684355
626,-0.02777427,1.2302355,-0.108695894,0.16967532,-0.434633,-0.27831805
627,-0.2851806,1.1889561,0.00641768,0.16967532,-0.434633,-0.27831805
628,-0.5711877,1.1430901,0.13432203,0.16967532,-0.434633,-0.27831805
629,-0.85719466,1.097224,0.2622264,0.16967532,-0.434633,-0.27831805
630,-0.9143961,1.0880508,0.28780726,0.16967532,-0.641463,-0.33920273
631,-0.9143961,1.0880508,0.28780726,0.16967532,-0.641463,-0.33920273
632,-0.9143961,1.0880508,0.28780726,0.16967532,-0.641463,-0.33920273
633,0.54722613,1.0880508,-0.22157937,0.16967532,-0.641463,-0.33920273
634,0.54722613,1.0880508,-0.22157937,0.30317053,-0.69154286,-0.33920273
635,0.54722613,1.0880508,-0.22157937,0.43667057,-0.7416228,-0.33920273
636,0.54722613,1.0880508,-0.22157937,0.5634932,-0.7891987,-0.33920273
637,0.28645447,0.9103201,-0.16513781,0.5491721,-0.8080013,-0.3465827
638,0.28645447,0.9103201,-0.16513781,0.5205299,-0.84560674,-0.36134264
639,0.28645447,0.9103201,-0.16513781,0.49188775,-0.88321227,-0.37610257
640,1.4338479,0.58951604,0.062040318,0.48472962,-0.89261365,-0.37979254
641,1.4338479,0.58951604,0.062040318,0.48472962,-0.89261365,-0.37979254
642,1.4338479,0.58951604,0.062040318,0.48472962,-0.89261365,-0.37979254
643,-0.29281244,0.5216552,0.74447215,0.48472962,-0.89261365,-0.37979254
644,-1.2794759,0.48287755,1.1344335,0.529736,-0.9094977,-0.4029867
645,-1.2794759,0.48287755,1.1344335,0.5859964,-0.9306028,-0.43197942
646,-1.2794759,0.48287755,1.1344335,0.64225674,-0.95170796,-0.46097213
647,-0.44500816,0.9814124,0.34424883,0.66154385,-0.9598486,-0.45972958
648,-0.44500816,0.9814124,0.34424883,0.7901404,-1.0141187,-0.45144597
649,-0.44500816,0.9814124,0.34424883,0.9187321,-1.068389,-0.44316235
650,-0.05303628,1.2480085,0.80283827,0.95731103,-1.0846701,-0.44067723
651,0.18214633,1.4079663,1.0779912,0.95731103,-1.0846701,-0.44067723
652,0.18214633,1.4079663,1.0779912,0.95731103,-1.0846701,-0.44067723
653,0.15046297,1.1517674,0.6711877,0.95731103,-1.0846701,-0.44067723
654,0.076533884,0.55396986,-0.27802128,1.0497707,-1.0846701,-0.4353829
655,0.076533884,0.55396986,-0.27802128,1.3579794,-1.0846701,-0.4177352
656,0.076533884,0.55396986,-0.27802128,1.6661832,-1.0846701,-0.40008745
657,0.5365344,0.55396986,-0.32317448,1.6661832,-1.0846701,-0.40008745
658,0.65153426,0.55396986,-0.33446285,1.6954888,-1.0956644,-0.41519064
659,0.65153426,0.55396986,-0.33446285,1.7321256,-1.1094073,-0.4340696
660,0.53888065,0.65666276,-0.11044555,1.7449468,-1.1142172,-0.44067723
661,0.33860856,0.83922774,0.28780726,1.7449468,-1.1142172,-0.44067723
662,0.33860856,0.83922774,0.28780726,1.7449468,-1.1142172,-0.44067723
663,0.25302827,0.89093125,0.16440496,1.7449468,-1.1142172,-0.44067723
664,-0.032239802,1.0632763,-0.24693562,1.7449468,-1.1142172,-0.44067723
665,-0.13208368,1.1235969,-0.39090475,1.8654093,-1.1255147,-0.43291742
666,-0.13208368,1.1235969,-0.39090475,2.0507326,-1.1428953,-0.42097923
667,-0.6446338,0.9581235,-0.3325167,2.0600011,-1.1437644,-0.42038232
668,-1.1230136,0.8036816,-0.27802128,2.04568,-1.1464505,-0.39086246
669,-1.1230136,0.8036816,-0.27802128,1.997943,-1.1554041,-0.29246294
670,-0.4600031,0.81309086,-0.27802128,1.9812375,-1.158538,-0.25802314
671,1.013354,0.8340004,-0.27802128,1.9812375,-1.158538,-0.25802314
672,1.3816938,0.83922774,-0.27802128,1.9812375,-1.158538,-0.25802314
673,1.2565234,0.79643905,-0.3542176,1.9812375,-1.158538,-0.25802314
674,0.8392895,0.65381014,-0.6082053,1.9812375,-1.158538,-0.25802314
675,0.54722613,0.55396986,-0.78599674,1.998741,-1.13884,-0.22194332
676,0.54722613,0.55396986,-0.78599674,2.0570831,-1.0731796,-0.10167725
677,0.52636373,0.58276224,-1.2826842,2.0600011,-1.0698965,-0.09566397
678,0.5002867,0.6187527,-1.9035431,2.0600011,-1.0698965,-0.09566397
679,0.49507207,0.6259509,-2.027715,2.2112257,-1.0415313,-0.03072028
680,0.70877624,0.6380885,-1.931351,2.2962918,-1.0255758,0.00581052
681,1.3193628,0.67276776,-1.6560255,2.2962918,-1.0255758,0.00581052
682,1.7467737,0.6970432,-1.4632976,2.2962918,-1.0255758,0.00581052
683,1.4614143,0.650543,-1.3203504,2.2962918,-1.0255758,0.00581052
684,0.03462404,0.4180421,-0.60561377,2.2962918,-1.0255758,0.00581052
685,-1.3921663,0.18554123,0.10912285,2.2962918,-1.0255758,0.00581052
686,-1.7488638,0.12741601,0.28780726,2.14861,-0.87322336,0.15802225
687,-1.7253954,0.11142025,0.22833176,2.1387646,-0.86306655,0.1681697
688,-1.647163,0.058101017,0.030080175,2.1387646,-0.86306655,0.1681697
689,-1.5924016,0.020777555,-0.108695894,2.0037408,-0.7934198,0.22905439
690,-1.4241297,0.032849837,-0.20454031,1.8237103,-0.70055723,0.31023398
691,-1.050195,0.059677124,-0.41752815,1.8237103,-0.70055723,0.31023398
692,-0.67625886,0.08650441,-0.63051564,1.8237103,-0.70055723,0.31023398
693,-0.60147166,0.09186986,-0.6731133,1.8237103,-0.70055723,0.31023398
694,-0.21986823,0.078881845,-0.73498213,1.8237103,-0.70055723,0.31023398
695,0.18182057,0.065210246,-0.8001071,1.8237103,-0.70055723,0.31023398
696,0.44291672,0.05632371,-0.84243864,1.2723653,-0.5085008,0.45229828
697,0.6094749,-0.057194654,-0.6294165,1.2723653,-0.5085008,0.45229828
698,0.7945378,-0.18332617,-0.3927254,1.2723653,-0.5085008,0.45229828
699,0.9796007,-0.3094577,-0.15603426,1.2723653,-0.5085008,0.45229828
700,1.0166141,-0.33468398,-0.108695894,1.2723653,-0.25735015,0.59436256
701,1.0166141,-0.33468398,-0.108695894,1.2723653,-0.25735015,0.59436256
702,1.0166141,-0.33468398,-0.108695894,1.2723653,-0.25735015,0.59436256
703,-0.9143961,-1.7218727,-0.5602298,1.2571212,-0.24448279,0.6012366
704,-0.9143961,-1.7218727,-0.5602298,1.1554891,-0.15870091,0.6470638
705,-0.9143961,-1.7218727,-0.5602298,1.0538619,-0.0729188,0.69289094
706,-0.9143961,-1.7218727,-0.5602298,0.95731103,0.008574108,0.73642683
707,-1.1751678,-0.29913783,-0.44734633,0.8921282,0.07581937,0.72383004
708,-1.1751678,-0.29913783,-0.44734633,0.783487,0.18789458,0.70283526
709,-1.1751678,-0.29913783,-0.44734633,0.6748506,0.29997024,0.68184066
710,-0.8100879,-1.082042,0.62645733,0.64225674,0.33359265,0.6755422
711,-0.8100879,-1.082042,0.62645733,0.64225674,0.33359265,0.6755422
712,-0.8100879,-1.082042,0.62645733,0.64225674,0.33359265,0.6755422
713,-0.8831044,-0.7828321,0.072340705,0.64225674,0.33359265,0.6755422
714,-0.9143961,-0.65459937,-0.16513781,0.57178587,0.4129032,0.6755422
715,-0.9143961,-0.65459937,-0.16513781,0.48887354,0.50621,0.6755422
716,-0.9143961,-0.65459937,-0.16513781,0.40596604,0.5995169,0.6755422
717,0.75584245,-1.1886804,-0.27802128,0.34419164,0.6270361,0.6735525
718,0.75584245,-1.1886804,-0.27802128,0.09708918,0.73711383,0.6655937
719,0.75584245,-1.1886804,-0.27802128,-0.15001327,0.8471915,0.65763485
720,0.2959293,-1.8670785,-0.11245892,-0.22414255,0.88021475,0.6552473
721,0.12868796,-2.1137693,-0.052254334,-0.22414255,0.88021475,0.6552473
722,0.12868796,-2.1137693,-0.052254334,-0.22414255,0.88021475,0.6552473
723,-0.06254408,-1.7580112,0.0046577393,-0.22414255,0.88021475,0.6552473
724,-0.44500816,-1.0464958,0.11848188,-0.27550906,0.8994847,0.6393643
725,-0.44500816,-1.0464958,0.11848188,-0.44673714,0.96371734,0.5864211
726,-0.44500816,-1.0464958,0.11848188,-0.61796045,1.0279504,0.53347784
727,-0.75244415,-0.8968277,0.59378046,-0.61796045,1.0279504,0.53347784
728,-0.8100879,-0.86876494,0.6828996,-0.6802396,1.121402,0.4692894
729,-0.8100879,-0.86876494,0.6828996,-0.7535084,1.2313449,0.39377347
730,-0.59277886,-0.76471835,0.6593818,-0.7754876,1.2643275,0.3711187
731,-0.2885459,-0.6190532,0.62645733,-0.7754876,1.2643275,0.3711187
732,-0.2885459,-0.6190532,0.62645733,-0.7754876,1.2643275,0.3711187
733,-0.30940706,-0.6190532,0.5813045,-0.7754876,1.2643275,0.3711187
734,-0.37894666,-0.6190532,0.43079287,-0.7754876,1.2643275,0.3711187
735,-0.39285406,-0.6190532,0.40069073,-0.7754876,1.2913423,0.31545264
736,-0.39285406,-0.6190532,0.40069073,-0.7754876,1.3234218,0.2493493
737,-0.077531435,-0.52158797,0.43164265,-0.7754876,1.3234218,0.2493493
738,0.18214633,-0.44132245,0.4571323,-0.79073167,1.3119842,0.22185297
739,0.18214633,-0.44132245,0.4571323,-0.84154534,1.273859,0.1301986
740,0.3677543,-0.44132245,0.29233092,-0.85425115,1.2643275,0.10728501
741,0.7052221,-0.44132245,-0.0073082815,-0.85425115,1.2643275,0.10728501
742,0.75584245,-0.44132245,-0.052254334,-0.85425115,1.2643275,0.10728501
743,0.5330107,-0.42918473,-0.052254334,-0.85425115,1.2643275,0.10728501
744,-0.103652835,-0.3945056,-0.052254334,-0.85425115,1.2643275,0.10728501
745,-0.5493163,-0.37023014,-0.052254334,-0.85425115,1.2324166,0.05370649
746,-0.5493163,-0.37023014,-0.052254334,-0.85425115,1.1313654,-0.11595887
747,0.021072801,0.101753436,-0.1844104,-0.85425115,1.1313654,-0.11595887
748,0.73405856,0.6917329,-0.34960583,-0.85425115,1.1313654,-0.11595887
749,0.91230595,0.83922774,-0.39090475,-0.63943964,0.9903452,-0.11595887
750,1.0116466,0.900164,-0.26162624,-0.53919685,0.92453545,-0.11595887
751,1.2600002,1.0525048,0.06156981,-0.53919685,0.92453545,-0.11595887
752,1.4338479,1.1591431,0.28780726,-0.53919685,0.92453545,-0.11595887
753,1.2547082,1.0957177,0.28006038,-0.53919685,0.92453545,-0.11595887
754,0.7428806,0.9145019,0.25792634,-0.53919685,0.92453545,-0.11595887
755,0.23105298,0.73328626,0.2357923,-0.53919685,0.92453545,-0.11595887
756,0.12868796,0.6970432,0.23136535,-0.46043327,0.64383763,-0.17684355
757,-0.23852004,0.59883785,0.12726513,-0.46043327,0.64383763,-0.17684355
758,-0.72813153,0.46789742,-0.011535638,-0.46043327,0.64383763,-0.17684355
759,-1.0708596,0.3762391,-0.108695894,-0.26352435,0.48871514,-0.21743336
760,-0.80511034,0.46688178,-0.18053077,-0.06661541,0.33359265,-0.25802314
761,-0.27361053,0.6481672,-0.32420087,-0.06661541,0.33359265,-0.25802314
762,0.257888,0.8294526,-0.46787062,-0.06661541,0.33359265,-0.25802314
763,0.41162503,0.8818831,-0.441561,-0.06661541,0.33359265,-0.25802314
764,0.48116338,0.9055805,-0.23413764,-0.06661541,0.33359265,-0.25802314
765,0.550703,0.92927796,-0.026714271,-0.06661541,0.33359265,-0.25802314
766,0.5993802,0.9458663,0.11848188,0.012148166,0.097215526,-0.31890786
767,0.69022965,0.87362725,0.0033683046,0.012148166,0.097215526,-0.31890786
768,0.7911725,0.7933618,-0.12453605,0.012148166,0.097215526,-0.31890786
769,0.8921166,0.7130962,-0.25244042,0.012148166,0.097215526,-0.31890786
770,0.91230595,0.6970432,-0.27802128,0.40596604,-0.27212372,-0.35949764
771,0.91230595,0.6970432,-0.27802128,0.40596604,-0.27212372,-0.35949764
772,0.91230595,0.6970432,-0.27802128,0.40596604,-0.27212372,-0.35949764
773,0.076533884,1.0169586,0.62645733,0.41612878,-0.28213155,-0.35949764
774,0.076533884,1.0169586,0.62645733,0.5177609,-0.38221067,-0.35949764
775,0.076533884,1.0169586,0.62645733,0.6193882,-0.48228958,-0.35949764
776,0.076533884,1.0169586,0.62645733,0.72102034,-0.5823687,-0.35949764
777,-0.9665502,1.0525048,0.34424883,0.72102034,-0.6111771,-0.3551004
778,-0.9665502,1.0525048,0.34424883,0.72102034,-0.65549785,-0.34833547
779,-0.9665502,1.0525048,0.34424883,0.72102034,-0.69981855,-0.3415705
780,-0.39285406,1.0169586,-0.052254334,0.72102034,-0.71533084,-0.33920273
781,-0.39285406,1.0169586,-0.052254334,0.72102034,-0.71533084,-0.33920273
782,-0.39285406,1.0169586,-0.052254334,0.72102034,-0.71533084,-0.33920273
783,0.26507112,0.9103201,-0.22157937,0.72102034,-0.71533084,-0.33920273
784,0.7036884,0.83922774,-0.33446285,0.7897606,-0.7712017,-0.33329877
785,0.7036884,0.83922774,-0.33446285,0.8756823,-0.84104055,-0.32591882
786,0.7036884,0.83922774,-0.33446285,0.95731103,-0.90738726,-0.31890786
787,0.8079965,0.8036816,0.062040318,0.95402765,-0.9141584,-0.32398158
788,0.8079965,0.8036816,0.062040318,0.9212127,-0.9818707,-0.37471882
789,0.8079965,0.8036816,0.062040318,0.8883929,-1.0495828,-0.42545605
790,0.27920163,1.1235969,0.50651866,0.8785475,-1.0698965,-0.44067723
791,-0.13208368,1.3724201,0.8522243,0.8785475,-1.0698965,-0.44067723
792,-0.13208368,1.3724201,0.8522243,0.8785475,-1.0698965,-0.44067723
793,-0.09731388,1.3724201,0.6452714,0.8785475,-1.0698965,-0.44067723
794,-0.02777427,1.3724201,0.23136535,0.8785475,-1.0795314,-0.4486187
795,-0.02777427,1.3724201,0.23136535,0.8785475,-1.1116478,-0.47509032
796,-0.02777427,1.3724201,0.23136535,0.8785475,-1.1437644,-0.50156194
797,0.097395,1.0311769,-0.22129713,0.8785475,-1.1437644,-0.50156194
798,0.12868796,0.9458663,-0.33446285,0.96646905,-1.17125,-0.48645875
799,0.12868796,0.9458663,-0.33446285,1.0763747,-1.2056073,-0.46757975
800,-0.02151644,0.70241064,-0.31414396,1.1148382,-1.2176322,-0.46097213
801,-0.2885459,0.26960063,-0.27802128,1.1148382,-1.2176322,-0.46097213
802,-0.2885459,0.26960063,-0.27802128,1.1148382,-1.2176322,-0.46097213
803,-0.23965068,0.31625494,-0.36268362,1.1148382,-1.2176322,-0.46097213
804,-0.07666951,0.4717694,-0.6448925,1.1148382,-1.2176322,-0.46097213
805,-0.02777427,0.5184237,-0.7295552,1.1472685,-1.2541316,-0.46097213
806,-0.02777427,0.5184237,-0.7295552,1.1936017,-1.3062736,-0.46097213
807,-0.013779394,0.5279619,-0.6994527,1.1936017,-1.3062736,-0.46097213
808,0.18214633,0.661497,-0.27802128,1.1506386,-1.3035874,-0.4499022
809,0.18214633,0.661497,-0.27802128,1.0074325,-1.294634,-0.41300237
810,0.43546614,0.640931,-0.22964245,0.95731103,-1.2915001,-0.40008745
811,0.9421083,0.59979904,-0.13288514,0.95731103,-1.2915001,-0.40008745
812,1.0687681,0.58951604,-0.108695894,0.95731103,-1.2915001,-0.40008745
813,0.9695479,0.5791123,-0.12521541,0.95731103,-1.2915001,-0.40008745
814,0.63881326,0.5444331,-0.18028077,0.95731103,-1.2915001,-0.40008745
815,0.39076263,0.5184237,-0.22157937,0.911872,-1.2687714,-0.38057312
816,0.39076263,0.5184237,-0.22157937,0.73010623,-1.1778573,-0.30251583
817,0.43248615,0.39045754,-0.49249986,0.72102034,-1.1733115,-0.29861295
818,0.4846402,0.23049988,-0.8311503,0.72102034,-1.1733115,-0.29861295
819,0.49507207,0.19850832,-0.89888024,0.6706105,-1.1354913,-0.19470309
820,0.39548168,0.22559111,-0.82362455,0.64225674,-1.1142172,-0.13625376
821,0.146507,0.29329807,-0.6354855,0.64225674,-1.1142172,-0.13625376
822,-0.02777427,0.34069294,-0.50378823,0.64225674,-1.1142172,-0.13625376
823,-0.010280992,0.3614282,-0.49908453,0.64225674,-1.1142172,-0.13625376
824,0.0771854,0.46510446,-0.4755671,0.64225674,-1.1142172,-0.13625376
825,0.16465305,0.5687808,-0.45205,0.64225674,-1.1142172,-0.13625376
826,0.18214633,0.58951604,-0.44734633,0.43221897,-0.93036836,0.0080655
827,0.07528409,0.47547215,-0.33211133,0.40596604,-0.90738726,0.026105419
828,-0.077375524,0.31255224,-0.1674893,0.40596604,-0.90738726,0.026105419
829,-0.18423776,0.19850832,-0.052254334,0.37220883,-0.82507735,0.08699011
830,-0.2987724,0.14832553,0.054210432,0.32720247,-0.71533084,0.1681697
831,-0.585109,0.022868505,0.32037202,0.32720247,-0.71533084,0.1681697
832,-0.8714456,-0.102588505,0.58653355,0.32720247,-0.71533084,0.1681697
833,-0.9011364,-0.15755568,0.588192,0.32720247,-0.71533084,0.1681697
834,-0.8480989,-0.30215022,0.4351296,0.32720247,-0.71533084,0.1681697
835,-0.79506004,-0.44674474,0.2820672,0.32720247,-0.71533084,0.1681697
836,-0.75793386,-0.5479609,0.17492379,0.32720247,-0.44940656,0.2493493
837,-0.6215304,-0.6246586,0.08787324,0.32720247,-0.44940656,0.2493493
838,-0.2805224,-0.81640273,-0.12975311,0.32720247,-0.44940656,0.2493493
839,0.060486864,-1.0081469,-0.34737948,0.32720247,-0.44940656,0.2493493
840,-0.03900845,-1.1006352,-0.2473907,0.2484389,-0.1834823,0.2087595
841,-0.3439094,-1.1990707,0.013543863,0.2484389,-0.1834823,0.2087595
842,-0.64881164,-1.2975062,0.27447808,0.2484389,-0.1834823,0.2087595
843,-0.86224204,-1.3664111,0.4571323,0.22968543,-0.17011584,0.20586024
844,-0.86224204,-1.3664111,0.4571323,0.10466556,-0.08100531,0.18653177
845,-0.86224204,-1.3664111,0.4571323,-0.020359116,0.008104995,0.16720328
846,-0.86224204,-1.3664111,0.4571323,-0.14537898,0.097215526,0.1478748
847,-0.39285406,-0.65459937,0.28780726,-0.12802446,0.17534012,0.1389313
848,-0.39285406,-0.65459937,0.28780726,-0.101324454,0.29553205,0.12517202
849,-0.39285406,-0.65459937,0.28780726,-0.07462445,0.41572374,0.11141275
850,-1.1230136,0.020777555,1.1344335,-0.06661541,0.4517812,0.10728501
851,-1.1230136,0.020777555,1.1344335,-0.06661541,0.4517812,0.10728501
852,-1.1230136,0.020777555,1.1344335,-0.06661541,0.4517812,0.10728501
853,-0.079060085,-0.38207886,0.4571323,-0.06661541,0.4517812,0.10728501
854,0.44291672,-0.58350706,0.11848188,-0.06661541,0.51346743,0.083073564
855,0.44291672,-0.58350706,0.11848188,-0.06661541,0.58603907,0.054589454
856,0.44291672,-0.58350706,0.11848188,-0.06661541,0.6586112,0.026105419
857,0.91230595,-1.5085957,-0.108695894,-0.08933493,0.6742369,0.012445397
858,0.91230595,-1.5085957,-0.108695894,-0.18021783,0.7367405,-0.04219469
859,0.91230595,-1.5085957,-0.108695894,-0.2710959,0.79924417,-0.09683485
860,0.44291672,-1.2800847,-0.21754783,-0.30290613,0.82112044,-0.11595887
861,0.18214633,-1.1531342,-0.27802128,-0.30290613,0.82112044,-0.11595887
862,0.18214633,-1.1531342,-0.27802128,-0.30290613,0.82112044,-0.11595887
863,0.072004974,-1.0032322,-0.025147403,-0.30290613,0.82112044,-0.11595887
864,-0.23639184,-0.58350706,0.6828996,-0.32345274,0.8384634,-0.13713619
865,-0.23639184,-0.58350706,0.6828996,-0.391943,0.8962728,-0.20772712
866,-0.23639184,-0.58350706,0.6828996,-0.46043327,0.9540826,-0.27831805
867,-0.8951815,-0.46377265,1.1106681,-0.46043327,0.9540826,-0.27831805
868,-1.0187055,-0.44132245,1.190875,-0.43000278,1.0054542,-0.34104776
869,-1.0187055,-0.44132245,1.190875,-0.39420247,1.0658916,-0.41484734
870,-0.9778883,-0.28831944,0.99210185,-0.3816697,1.0870447,-0.44067723
871,-0.9143961,-0.05031475,0.6828996,-0.3816697,1.0870447,-0.44067723
872,-0.9143961,-0.05031475,0.6828996,-0.3816697,1.0870447,-0.44067723
873,-0.8831044,-0.03609629,0.72805244,-0.3816697,1.0870447,-0.44067723
874,-0.778795,0.011298583,0.87856376,-0.3816697,1.0870447,-0.44067723
875,-0.75793386,0.020777555,0.90866655,-0.3816697,1.106743,-0.485777
876,-0.75793386,0.020777555,0.90866655,-0.3816697,1.1313654,-0.54215175
877,-0.2138056,0.098749764,0.35075808,-0.3816697,1.1313654,-0.54215175
878,0.2343004,0.16296218,-0.108695894,-0.3959908,1.1233073,-0.55322164
879,0.2343004,0.16296218,-0.108695894,-0.44372776,1.0964459,-0.59012145
880,0.32633755,-0.014768598,-0.15849756,-0.46043327,1.0870447,-0.6030364
881,0.51041055,-0.37023014,-0.25810054,-0.46043327,1.0870447,-0.6030364
882,0.54722613,-0.44132245,-0.27802128,-0.46043327,1.0870447,-0.6030364
883,0.34362927,-0.4306586,-0.27802128,-0.46043327,1.0870447,-0.6030364
884,-0.33502775,-0.39511243,-0.27802128,-0.46043327,1.0870447,-0.6030364
885,-0.8100879,-0.37023014,-0.27802128,-0.36955038,1.0393146,-0.6077199
886,-0.8100879,-0.37023014,-0.27802128,-0.06661541,0.88021475,-0.6233313
887,0.13189736,-0.18065065,-0.41695476,-0.06661541,0.88021475,-0.6233313
888,1.3093796,0.05632371,-0.5906217,-0.06661541,0.88021475,-0.6233313
889,1.4860021,0.09186986,-0.6166717,0.049818538,0.683662,-0.5333279
890,1.2963506,0.16457792,-0.3084869,0.09091174,0.6142905,-0.50156194
891,0.91704655,0.309994,0.3078823,0.09091174,0.6142905,-0.50156194
892,0.65153426,0.41178524,0.73934114,0.09091174,0.6142905,-0.50156194
893,0.5981824,0.46991044,0.80269426,0.09091174,0.6142905,-0.50156194
894,0.38477606,0.70241135,1.0561059,0.09091174,0.6142905,-0.50156194
895,0.17136973,0.9349122,1.3095174,0.09091174,0.6142905,-0.50156194
896,0.12868796,0.9814124,1.3602004,0.16092594,0.3385173,-0.35724267
897,-0.22178856,1.0212241,0.90149784,0.16967532,0.3040455,-0.33920273
898,-0.72246945,1.0780979,0.24620962,0.16967532,0.3040455,-0.33920273
899,-1.1230136,1.1235969,-0.27802128,0.2842392,0.21809028,-0.29492292
900,-0.79008114,1.037796,-0.41425997,0.48472962,0.067668386,-0.21743336
901,-0.12421482,0.86619383,-0.68673706,0.48472962,0.067668386,-0.21743336
902,0.54165024,0.6945917,-0.95921445,0.48472962,0.067668386,-0.21743336
903,0.670195,0.60137445,-1.0163902,0.48472962,0.067668386,-0.21743336
904,0.27647263,0.53115624,-0.86834633,0.48472962,0.067668386,-0.21743336
905,-0.11724844,0.46093804,-0.72030246,0.48472962,0.067668386,-0.21743336
906,-0.39285406,0.41178524,-0.6166717,0.7997839,-0.227803,-0.23772825
907,-0.30200464,0.6184403,-0.15744509,0.7997839,-0.227803,-0.23772825
908,-0.20106179,0.848057,0.3528061,0.7997839,-0.227803,-0.23772825
909,-0.100117676,1.0776737,0.8630576,0.7997839,-0.227803,-0.23772825
910,-0.08665897,1.14653,1.0889158,0.72102034,-0.49372727,-0.11595887
911,-0.103482984,1.2038624,1.3984349,0.72102034,-0.49372727,-0.11595887
912,-0.12030574,1.2611951,1.707954,0.72102034,-0.49372727,-0.11595887
913,-0.13208368,1.3013277,1.9246174,0.72102034,-0.5063904,-0.11499245
914,-0.13208368,1.3013277,1.9246174,0.72102034,-0.5908107,-0.10854965
915,-0.13208368,1.3013277,1.9246174,0.72102034,-0.6752312,-0.10210677
916,-0.13208368,1.3013277,1.9246174,0.72102034,-0.75965154,-0.09566397
917,0.12868796,0.874774,-0.50378823,0.72102034,-0.795709,-0.09566397
918,0.12868796,0.874774,-0.50378823,0.72102034,-0.85580486,-0.09566397
919,0.12868796,0.874774,-0.50378823,0.72102034,-0.91590095,-0.09566397
920,0.18214633,0.34069294,-1.0117637,0.72102034,-0.93693435,-0.09566397
921,0.18214633,0.34069294,-1.0117637,0.72102034,-0.93693435,-0.09566397
922,0.18214633,0.34069294,-1.0117637,0.72102034,-0.93693435,-0.09566397
923,0.06552406,0.5584131,-0.16435386,0.72102034,-0.93693435,-0.09566397
924,-0.02777427,0.73258924,0.51357424,0.69891137,-0.95766914,-0.08996718
925,-0.02777427,0.73258924,0.51357424,0.6712739,-0.9835878,-0.08284611
926,-0.02777427,0.73258924,0.51357424,0.64363647,-1.0095062,-0.07572512
927,0.34425923,1.2381346,0.51357424,0.64225674,-1.0108023,-0.075369075
928,0.39076263,1.3013277,0.51357424,0.54979706,-1.045488,-0.10713497
929,0.39076263,1.3013277,0.51357424,0.44705924,-1.0840279,-0.14243047
930,-0.18774758,0.8195406,-0.3208953,0.40596604,-1.0994437,-0.15654866
931,-0.5493163,0.5184237,-0.84243864,0.40596604,-1.0994437,-0.15654866
932,-0.5493163,0.5184237,-0.84243864,0.40596604,-1.0994437,-0.15654866
933,-0.3156522,0.7057426,-0.44103393,0.40596604,-1.0994437,-0.15654866
934,0.33860856,1.2302355,0.6828996,0.39569274,-1.0936626,-0.18037309
935,0.33860856,1.2302355,0.6828996,0.3614452,-1.0743929,-0.25978792
936,0.33860856,1.2302355,0.6828996,0.32720247,-1.055123,-0.33920273
937,0.21194866,1.2877864,0.50013566,0.32720247,-1.055123,-0.33920273
938,0.18214633,1.3013277,0.4571323,0.2685865,-1.0661172,-0.3694091
939,0.18214633,1.3013277,0.4571323,0.1953177,-1.0798601,-0.40716705
940,0.060017876,1.0048136,0.23089519,0.16967532,-1.0846701,-0.42038232
941,-0.18423776,0.41178524,-0.22157937,0.16967532,-1.0846701,-0.42038232
942,-0.18423776,0.41178524,-0.22157937,0.16967532,-1.0846701,-0.42038232
943,-0.17633468,0.43871415,0.0009804503,0.16967532,-1.0846701,-0.42038232
944,-0.1447261,0.5464298,0.89122075,0.16967532,-1.0846701,-0.42038232
945,-0.13208368,0.58951604,1.2473166,0.19831748,-1.0739256,-0.3982424
946,-0.13208368,0.58951604,1.2473166,0.24605444,-1.0560184,-0.36134264
947,-0.37487027,0.5711301,0.39996064,0.2484389,-1.055123,-0.35949764
948,-0.60147166,0.55396986,-0.39090475,0.27623978,-1.055123,-0.37382346
949,-0.60147166,0.55396986,-0.39090475,0.3689014,-1.055123,-0.42157614
950,-0.57385963,0.525742,-0.3460832,0.40596604,-1.055123,-0.44067723
951,-0.51250196,0.46301356,-0.2464802,0.40596604,-1.055123,-0.44067723
952,-0.49716222,0.4473314,-0.22157937,0.40596604,-1.055123,-0.44067723
953,-0.22970939,0.4295583,-0.2639109,0.40596604,-1.055123,-0.44067723
954,0.84010446,0.35846603,-0.43323594,0.40596604,-1.055123,-0.44067723
955,1.6424643,0.30514678,-0.5602298,0.43626195,-1.0437587,-0.44848296
956,1.6424643,0.30514678,-0.5602298,0.5574359,-0.9983014,-0.47970587
957,1.3882128,0.4654377,-0.36973917,0.5634932,-0.99602866,-0.48126704
958,1.0492101,0.679159,-0.115751095,0.5634932,-0.99602866,-0.48126704
959,0.96446,0.73258924,-0.052254334,0.6662262,-0.9189491,-0.348909
960,0.60658234,0.7799842,0.0555225,0.72102034,-0.8778401,-0.27831805
961,-0.28811115,0.8984714,0.32496458,0.72102034,-0.8778401,-0.27831805
962,-0.9143961,0.9814124,0.51357424,0.72102034,-0.8778401,-0.27831805
963,-0.8931091,0.96327657,0.46749923,0.72102034,-0.8778401,-0.27831805
964,-0.80795974,0.8907334,0.2831996,0.72102034,-0.8778401,-0.27831805
965,-0.72280914,0.8181903,0.09890031,0.72102034,-0.8778401,-0.27831805
966,-0.7057798,0.8036816,0.062040318,0.7910345,-0.7465195,-0.061839115
967,-0.38595486,0.5027612,0.09496445,0.7997839,-0.7301044,-0.034779277
968,0.07093771,0.07287489,0.14199932,0.7997839,-0.7301044,-0.034779277
969,0.39076263,-0.22804554,0.17492379,0.9010507,-0.6604577,0.017407637
970,0.30468294,-0.3159874,0.1516831,1.0360746,-0.5675951,0.08699011
971,0.0587402,-0.56724995,0.085281,1.0360746,-0.5675951,0.08699011
972,-0.18720253,-0.81851244,0.018878898,1.0360746,-0.5675951,0.08699011
973,-0.17440295,-0.8506154,-0.06626905,1.0360746,-0.5675951,0.08699011
974,0.0735501,-0.7780168,-0.3537392,1.0360746,-0.5675951,0.08699011
975,0.3215044,-0.7054183,-0.64120936,1.0360746,-0.5675951,0.08699011
976,0.49507207,-0.65459937,-0.84243864,1.2723653,-0.45679334,0.07176894
977,0.41162503,-0.69275224,-0.6919274,1.3511289,-0.4198594,0.06669521
978,0.30731687,-0.7404433,-0.50378823,1.3511289,-0.4198594,0.06669521
979,0.20300746,-0.78813446,-0.3156491,1.3511289,-0.4198594,0.06669521
980,0.08566142,-0.73191226,-0.21702074,1.1936017,-0.21302944,0.00581052
981,-0.10730968,-0.6003915,-0.09501966,1.1936017,-0.21302944,0.00581052
982,-0.30028078,-0.46887076,0.026981417,1.1936017,-0.21302944,0.00581052
983,-0.44500816,-0.37023014,0.11848188,1.1936017,-0.21302944,0.00581052
984,-0.44500816,-0.37023014,0.11848188,1.1410911,-0.124388024,0.00581052
985,-0.44500816,-0.37023014,0.11848188,1.0885853,-0.0357466,0.00581052
986,-0.44500816,-0.37023014,0.11848188,1.0360746,0.05289482,0.00581052
987,-1.2794759,-0.65459937,0.4571323,0.9678151,0.11371271,0.032193873
988,-1.2794759,-0.65459937,0.4571323,0.8627938,0.20727858,0.072783664
989,-1.2794759,-0.65459937,0.4571323,0.75777733,0.30084446,0.113373466
990,0.076533884,-1.1886804,0.40069073,0.72102034,0.33359265,0.12757991
991,0.076533884,-1.1886804,0.40069073,0.72102034,0.33359265,0.12757991
992,0.076533884,-1.1886804,0.40069073,0.72102034,0.33359265,0.12757991
993,0.3380293,-1.0701932,-0.07044119,0.72102034,0.33359265,0.12757991
994,0.54722613,-0.9754034,-0.44734633,0.6325844,0.39579737,0.12188312
995,0.54722613,-0.9754034,-0.44734633,0.5220394,0.47355294,0.114762045
996,0.54722613,-0.9754034,-0.44734633,0.4114945,0.5513085,0.107641056
997,0.3646856,-0.4147739,0.047753315,0.40596604,0.5551962,0.10728501
998,0.33860856,-0.33468398,0.11848188,0.25186172,0.6187869,0.027870182
999,0.33860856,-0.33468398,0.11848188,0.08063844,0.6894428,-0.060368463
1000,0.14523692,-0.50968045,0.7784158,0.012148166,0.7177055,-0.09566397
1001,0.024379807,-0.6190532,1.190875,0.012148166,0.7177055,-0.09566397
1002,0.024379807,-0.6190532,1.190875,0.012148166,0.7177055,-0.09566397
1003,-0.12659273,-0.70347536,1.2948467,0.012148166,0.7177055,-0.09566397
1004,-0.5493163,-0.9398572,1.5859674,-0.007960967,0.7327933,-0.126754
1005,-0.5493163,-0.9398572,1.5859674,-0.074994616,0.7830865,-0.23038755
1006,-0.5493163,-0.9398572,1.5859674,-0.14202826,0.83337915,-0.33402106
1007,-1.4255075,-0.22822325,1.1344335,-0.14537898,0.83589405,-0.33920273
1008,-1.6445557,-0.05031475,1.0215497,-0.25994286,0.85201067,-0.40562242
1009,-1.6445557,-0.05031475,1.0215497,-0.40314892,0.8721566,-0.48864698
1010,-1.0578204,0.029664095,0.9368873,-0.46043327,0.88021475,-0.52185684
1011,-0.079928346,0.16296218,0.79578274,-0.46043327,0.88021475,-0.52185684
1012,-0.079928346,0.16296218,0.79578274,-0.46043327,0.88021475,-0.52185684
1013,-0.018864753,0.15111345,0.70171297,-0.46043327,0.88021475,-0.52185684
1014,0.22539088,0.10371858,0.3254351,-0.46043327,0.88021475,-0.52185684
1015,0.28645447,0.09186986,0.23136535,-0.55622447,0.88021475,-0.5300845
1016,0.28645447,0.09186986,0.23136535,-0.6839509,0.88021475,-0.5410547
1017,0.33860856,-0.014768598,0.033113774,-0.696724,0.88021475,-0.54215175
1018,0.39076263,-0.12140706,-0.16513781,-0.66892314,0.85675097,-0.53140736
1019,0.39076263,-0.12140706,-0.16513781,-0.5762615,0.7785378,-0.49559286
1020,0.45595586,-0.07697437,-0.10834336,-0.53919685,0.7472526,-0.48126704
1021,0.6189383,0.034107365,0.03364292,-0.53919685,0.7472526,-0.48126704
1022,0.65153426,0.05632371,0.062040318,-0.53919685,0.7472526,-0.48126704
1023,0.82538205,0.106452905,0.14163752,-0.53919685,0.7472526,-0.48126704
1024,1.5207719,0.30696967,0.46002668,-0.53919685,0.7472526,-0.48126704
1025,2.007544,0.4473314,0.6828996,-0.4716873,0.69343466,-0.47691813
1026,2.007544,0.4473314,0.6828996,-0.24664575,0.51404136,-0.46242177
1027,1.3143611,0.6900934,1.4938511,-0.22414255,0.49610192,-0.46097213
1028,0.32409906,1.0368963,2.6523538,-0.22414255,0.49610192,-0.46097213
1029,0.076533884,1.1235969,2.94198,-0.12140955,0.30340305,-0.540387
1030,0.05666524,1.0694314,2.4256725,-0.06661541,0.20063052,-0.5827415
1031,0.006994269,0.93401754,1.1349033,-0.06661541,0.20063052,-0.5827415
1032,-0.02777427,0.83922774,0.23136535,-0.06661541,0.20063052,-0.5827415
1033,0.06623387,0.8321186,0.24265374,-0.06661541,0.20063052,-0.5827415
1034,0.44226518,0.8036816,0.28780726,-0.06661541,0.20063052,-0.5827415
1035,0.8182978,0.7752447,0.33296046,-0.06661541,0.20063052,-0.5827415
1036,0.91230595,0.7681354,0.34424883,-0.19788964,-0.020973032,-0.63347876
1037,0.66670924,0.7681354,0.375472,-0.22414255,-0.065293744,-0.6436262
1038,0.28886786,0.7681354,0.42350757,-0.22414255,-0.065293744,-0.6436262
1039,0.024379807,0.7681354,0.4571323,-0.07873473,-0.18120955,-0.63425934
1040,0.13087699,0.7439909,0.5529767,0.09091174,-0.31644443,-0.6233313
1041,0.3675401,0.69033635,0.76596457,0.09091174,-0.31644443,-0.6233313
1042,0.6042019,0.63668174,0.9789524,0.09091174,-0.31644443,-0.6233313
1043,0.58847684,0.64740115,0.9534305,0.09091174,-0.31644443,-0.6233313
1044,0.3362484,0.73320216,0.6809531,0.09091174,-0.31644443,-0.6233313
1045,0.08401996,0.8190032,0.4084757,0.09091174,-0.31644443,-0.6233313
1046,-0.079928346,0.874774,0.23136535,0.012148166,-0.5528216,-0.684216
1047,-0.036325075,0.9441181,0.2628248,0.012148166,-0.5528216,-0.684216
1048,0.014974682,1.0256994,0.2998357,0.012148166,-0.5528216,-0.684216
1049,0.066274434,1.1072807,0.3368466,0.012148166,-0.5528216,-0.684216
1050,0.06896289,1.1287569,0.49172583,0.32720247,-0.7744251,-0.7653956
1051,0.052138865,1.1402235,0.8194521,0.32720247,-0.7744251,-0.7653956
1052,0.035314847,1.1516899,1.1471783,0.32720247,-0.7744251,-0.7653956
1053,0.024379807,1.1591431,1.3602004,0.32720247,-0.7827352,-0.7672982
1054,0.024379807,1.1591431,1.3602004,0.32720247,-0.83813614,-0.77998257
1055,0.024379807,1.1591431,1.3602004,0.32720247,-0.893537,-0.79266685
1056,0.024379807,1.1591431,1.3602004,0.32720247,-0.9489379,-0.8053512
1057,0.54722613,1.1946893,1.3037581,0.32720247,-0.96451175,-0.82357424
1058,0.54722613,1.1946893,1.3037581,0.32720247,-0.9842098,-0.85063416
1059,0.54722613,1.1946893,1.3037581,0.32720247,-1.003908,-0.877694
1060,1.1209222,1.2302355,0.4571323,0.32720247,-1.0108023,-0.887165
1061,1.1209222,1.2302355,0.4571323,0.32720247,-1.0108023,-0.887165
1062,1.1209222,1.2302355,0.4571323,0.32720247,-1.0108023,-0.887165
1063,0.43170407,1.0382862,0.4232675,0.32720247,-1.0108023,-0.887165
1064,-0.02777427,0.9103201,0.40069073,0.2387665,-1.0398309,-0.94413316
1065,-0.02777427,0.9103201,0.40069073,0.12822156,-1.0761169,-1.0153433
1066,-0.02777427,0.9103201,0.40069073,0.017676616,-1.112403,-1.0865535
1067,0.12868796,1.2657815,1.190875,0.018325606,-1.1165346,-1.0996646
1068,0.12868796,1.2657815,1.190875,0.049212813,-1.1281217,-1.1474172
1069,0.12868796,1.2657815,1.190875,0.080100015,-1.1397089,-1.1951699
1070,-0.015739007,1.0443016,1.034575,0.09091174,-1.1437644,-1.2118833
1071,-0.079928346,0.9458663,0.9651081,0.09091174,-1.1437644,-1.2118833
1072,-0.079928346,0.9458663,0.9651081,0.09091174,-1.1437644,-1.2118833
1073,0.22236021,0.77725583,0.5934094,0.09091174,-1.1437644,-1.2118833
1074,1.0687681,0.30514678,-0.44734633,0.12044808,-1.1474577,-1.2017359
1075,1.0687681,0.30514678,-0.44734633,0.21890254,-1.1597689,-1.167911
1076,1.0687681,0.30514678,-0.44734633,0.317357,-1.1720804,-1.1340863
1077,0.1619025,0.6145386,0.3558342,0.32720247,-1.1733115,-1.1307038
1078,-0.079928346,0.6970432,0.5700158,0.38448682,-1.1786836,-1.1011839
1079,-0.079928346,0.6970432,0.5700158,0.45608744,-1.1853989,-1.0642841
1080,-0.5493163,0.740668,0.73164433,0.48472962,-1.1880851,-1.0495242
1081,-1.2273219,0.8036816,0.9651081,0.48472962,-1.1880851,-1.0495242
1082,-1.2273219,0.8036816,0.9651081,0.48472962,-1.1880851,-1.0495242
1083,-1.0783101,0.7986036,0.81170726,0.48472962,-1.1880851,-1.0495242
1084,-0.33324942,0.7732135,0.044704624,0.48472962,-1.1880851,-1.0495242
1085,-0.18423776,0.7681354,-0.108695894,0.5897461,-1.1749531,-0.96834457
1086,-0.18423776,0.7681354,-0.108695894,0.72102034,-1.158538,-0.8668701
1087,0.7065568,0.59703994,-0.31941178,0.72102034,-1.158538,-0.8668701
1088,1.4860021,0.4473314,-0.50378823,0.69237816,-1.1397353,-0.8299703
1089,1.4860021,0.4473314,-0.50378823,0.59690905,-1.0770594,-0.7069709
1090,1.0162579,0.4570258,-0.38064244,0.5634932,-1.055123,-0.6639211
1091,-0.027617095,0.47856894,-0.10698568,0.5634932,-1.055123,-0.6639211
1092,-0.23639184,0.48287755,-0.052254334,0.5634932,-1.055123,-0.6639211
1093,-0.06906302,0.48287755,-0.015892623,0.5634932,-1.055123,-0.6639211
1094,0.6002497,0.48287755,0.12955318,0.5634932,-1.055123,-0.6639211
1095,1.0687681,0.48287755,0.23136535,0.54598963,-1.0321418,-0.63686126
1096,1.0687681,0.48287755,0.23136535,0.48764768,-0.95553815,-0.5466617
1097,0.635922,0.3986893,0.40960258,0.48472962,-0.95170796,-0.54215175
1098,0.058794703,0.2864383,0.6472522,0.48472962,-0.95170796,-0.54215175
1099,-0.02777427,0.26960063,0.6828996,0.6454056,-0.8713397,-0.45934853
1100,-0.22426277,0.2919203,0.6356459,0.72102034,-0.8335194,-0.42038232
1101,-0.6609026,0.3415196,0.530638,0.72102034,-0.8335194,-0.42038232
1102,-0.9665502,0.3762391,0.4571323,0.72102034,-0.8335194,-0.42038232
1103,-0.77483016,0.32183173,0.43985423,0.72102034,-0.8335194,-0.42038232
1104,-0.00795126,0.1042022,0.3707419,0.72102034,-0.8335194,-0.42038232
1105,0.7589289,-0.11342731,0.3016296,0.72102034,-0.8335194,-0.42038232
1106,0.91230595,-0.15695322,0.28780726,0.86104393,-0.6890668,-0.27606308
1107,0.5932669,-0.2872891,0.27401033,0.8785475,-0.67101014,-0.25802314
1108,0.01319506,-0.52426344,0.24892499,0.8785475,-0.67101014,-0.25802314
1109,-0.39285406,-0.6901455,0.23136535,0.74352354,-0.54437953,-0.21453409
1110,-0.36628523,-0.8049831,0.15445025,0.5634932,-0.3755387,-0.15654866
1111,-0.3072421,-1.0601777,-0.016472183,0.5634932,-0.3755387,-0.15654866
1112,-0.24820022,-1.3153721,-0.18739496,0.5634932,-0.3755387,-0.15654866
1113,-0.307109,-1.2759643,-0.15927842,0.5634932,-0.3755387,-0.15654866
1114,-0.5899801,-0.91417664,0.0899264,0.5634932,-0.3755387,-0.15654866
1115,-0.87285006,-0.55238914,0.33913088,0.5634932,-0.3755387,-0.15654866
1116,-1.0708596,-0.29913783,0.51357424,0.4959836,-0.210919,-0.13915302
1117,-0.8900581,-0.32757476,0.45336962,0.48472962,-0.1834823,-0.13625376
1118,-0.6640563,-0.3631209,0.37811399,0.48472962,-0.1834823,-0.13625376
1119,-0.43805444,-0.39866707,0.30285832,0.48472962,-0.1834823,-0.13625376
1120,-0.25411582,-0.39466813,0.19939664,0.012148166,0.067668386,-0.13625376
1121,0.023360707,-0.37245175,0.022575049,0.012148166,0.067668386,-0.13625376
1122,0.30083722,-0.35023543,-0.1542462,0.012148166,0.067668386,-0.13625376
1123,0.49507207,-0.33468398,-0.27802128,0.0012402956,0.07994175,-0.13625376
1124,0.49507207,-0.33468398,-0.27802128,-0.071461216,0.16176468,-0.13625376
1125,0.49507207,-0.33468398,-0.27802128,-0.14416753,0.24358739,-0.13625376
1126,0.49507207,-0.33468398,-0.27802128,-0.21687385,0.32541054,-0.13625376
1127,0.54722613,-1.4375033,-0.052254334,-0.25351065,0.37215415,-0.14003754
1128,0.54722613,-1.4375033,-0.052254334,-0.30691066,0.44226596,-0.14691721
1129,0.54722613,-1.4375033,-0.052254334,-0.36031067,0.51237774,-0.1537968
1130,0.024379807,-1.4375033,0.34424883,-0.3816697,0.5404226,-0.15654866
1131,0.024379807,-1.4375033,0.34424883,-0.3816697,0.5404226,-0.15654866
1132,0.024379807,-1.4375033,0.34424883,-0.3816697,0.5404226,-0.15654866
1133,-0.053851306,-1.2419996,-0.0797697,-0.3816697,0.5404226,-0.15654866
1134,-0.13208368,-1.0464958,-0.50378823,-0.3816697,0.5958235,-0.1348041
1135,-0.13208368,-1.0464958,-0.50378823,-0.3816697,0.6696914,-0.10581142
1136,-0.13208368,-1.0464958,-0.50378823,-0.3816697,0.74355924,-0.07681874
1137,-0.39285406,-0.29913783,-0.33446285,-0.40095678,0.7550916,-0.07702584
1138,-0.39285406,-0.29913783,-0.33446285,-0.5938468,0.83348197,-0.09359309
1139,-0.39285406,-0.29913783,-0.33446285,-0.78674155,0.9118723,-0.11016034
1140,-0.5733881,-0.49600884,-0.1390878,-0.85425115,0.939309,-0.11595887
1141,-0.6536257,-0.58350706,-0.052254334,-0.85425115,0.939309,-0.11595887
1142,-0.6536257,-0.58350706,-0.052254334,-0.85425115,0.939309,-0.11595887
1143,-0.8100879,-0.45554087,0.10056183,-0.85425115,0.939309,-0.11595887
1144,-1.1751678,-0.15695322,0.4571323,-0.87436026,0.950625,-0.11595887
1145,-1.1751678,-0.15695322,0.4571323,-0.9413939,0.9883447,-0.11595887
1146,-1.1751678,-0.15695322,0.4571323,-1.0084276,1.0260645,-0.11595887
1147,-0.86773175,-0.12701961,0.40960258,-1.0117784,1.0279504,-0.11595887
1148,-0.8100879,-0.12140706,0.40069073,-0.8630005,1.005626,-0.085291
1149,-0.8100879,-0.12140706,0.40069073,-0.68797463,0.97936195,-0.04921124
1150,-0.7005639,-0.18539014,0.19707704,-0.61796045,0.96885616,-0.034779277
1151,-0.44500816,-0.33468398,-0.27802128,-0.61796045,0.96885616,-0.034779277
1152,-0.44500816,-0.33468398,-0.27802128,-0.61796045,0.96885616,-0.034779277
1153,-0.12514266,-0.35188374,-0.31443512,-0.61796045,0.96885616,-0.034779277
1154,1.154318,-0.42068276,-0.46009114,-0.61796045,0.96885616,-0.034779277
1155,1.5381562,-0.44132245,-0.50378823,-0.55495054,0.92749035,-0.05101518
1156,1.5381562,-0.44132245,-0.50378823,-0.46493295,0.86839604,-0.07420934
1157,1.0352405,0.26372918,-0.14019239,-0.46043327,0.86544114,-0.075369075
1158,0.5993802,0.874774,0.17492379,-0.41317707,0.8270298,-0.07131007
1159,0.5993802,0.874774,0.17492379,-0.2781531,0.7172835,-0.059713036
1160,0.73397106,1.0031987,0.46623585,-0.22414255,0.6733848,-0.055074174
1161,1.0704502,1.3242607,1.1945163,-0.22414255,0.6733848,-0.055074174
1162,1.1209222,1.3724201,1.3037581,-0.22414255,0.6733848,-0.055074174
1163,1.1008635,1.4591208,1.5427315,-0.22414255,0.6733848,-0.055074174
1164,1.0206258,1.8059236,2.498623,-0.22414255,0.6733848,-0.055074174
1165,0.96446,2.0486856,3.1677468,-0.15412836,0.6208567,-0.10017393
1166,0.96446,2.0486856,3.1677468,0.07924431,0.4457623,-0.25050655
1167,0.77670485,1.2659593,2.015771,0.09091174,0.43700764,-0.25802314
1168,0.5420102,0.28755146,0.5758011,0.09091174,0.43700764,-0.25802314
1169,0.49507207,0.09186986,0.28780726,0.1434224,0.22032854,-0.4474422
1170,0.43401355,0.30705413,0.5411064,0.16967532,0.111989096,-0.54215175
1171,0.2813666,0.84501487,1.1743551,0.16967532,0.111989096,-0.54215175
1172,0.18214633,1.1946893,1.5859674,0.16967532,0.111989096,-0.54215175
1173,0.32051447,1.2490968,1.6494638,0.16967532,0.111989096,-0.54215175
1174,0.8739883,1.4667262,1.9034516,0.16967532,0.111989096,-0.54215175
1175,1.4274608,1.6843557,2.1574392,0.16967532,0.111989096,-0.54215175
1176,1.5381562,1.7278816,2.2082367,0.16967532,-0.16171081,-0.9352318
1177,1.6679873,1.5607392,1.9736736,0.16967532,-0.21302944,-1.0089344
1178,1.8677272,1.3035966,1.6128068,0.16967532,-0.21302944,-1.0089344
1179,2.007544,1.1235969,1.3602004,0.13591813,-0.39664385,-1.1480994
1180,1.7539315,1.0342437,1.5817616,0.09091174,-0.641463,-1.3336529
1181,1.1198993,0.8108606,2.135665,0.09091174,-0.641463,-1.3336529
1182,0.48586845,0.5874774,2.689569,0.09091174,-0.641463,-1.3336529
1183,0.39076263,0.6353796,2.7248228,0.09091174,-0.641463,-1.3336529
1184,0.39076263,0.96101856,2.5334947,0.09091174,-0.641463,-1.3336529
1185,0.39076263,1.2866575,2.3421664,0.09091174,-0.641463,-1.3336529
1186,0.39076263,1.5146047,2.2082367,0.15842132,-0.8693981,-1.6119827
1187,0.574629,1.4953254,2.0547922,0.16967532,-0.90738726,-1.6583712
1188,0.80446136,1.4712263,1.862986,0.16967532,-0.90738726,-1.6583712
1189,1.0342937,1.4471272,1.6711798,0.16967532,-0.90738726,-1.6583712
1190,1.0356537,1.3814477,1.642409,-0.06661541,-1.1437644,-1.9830896
1191,0.9694262,1.2573183,1.642409,-0.06661541,-1.1437644,-1.9830896
1192,0.90319866,1.1331888,1.642409,-0.06661541,-1.1437644,-1.9830896
1193,0.8601506,1.0525048,1.642409,-0.08876766,-1.1520745,-1.9935541
1194,0.8601506,1.0525048,1.642409,-0.23644936,-1.2074754,-2.0633178
1195,0.8601506,1.0525048,1.642409,-0.38413107,-1.2628763,-2.1330814
1196,0.8601506,1.0525048,1.642409,-0.5318128,-1.3182771,-2.2028453
1197,1.0166141,1.0880508,2.1517951,-0.58325136,-1.3375734,-2.2555225
1198,1.0166141,1.0880508,2.1517951,-0.6633514,-1.3676215,-2.3449578
1199,1.0166141,1.0880508,2.1517951,-0.7434466,-1.3976696,-2.4343932
1200,0.8079965,1.5501509,1.8681759,-0.7754876,-1.4096886,-2.4701672
1201,0.8079965,1.5501509,1.8681759,-0.7754876,-1.4096886,-2.4701672
1202,0.8079965,1.5501509,1.8681759,-0.7754876,-1.4096886,-2.4701672
1203,0.8079965,1.4435123,1.755292,-0.7754876,-1.4096886,-2.4701672
1204,0.8079965,1.3368739,1.642409,-0.8809752,-1.4413462,-2.50822
1205,0.8079965,1.3368739,1.642409,-1.0216237,-1.4835565,-2.5589573
1206,0.8079965,1.3368739,1.642409,-1.1622723,-1.5257667,-2.6096945
1207,0.7036884,1.0169586,1.5859674,-1.1739397,-1.5287462,-2.6134253
1208,0.7036884,1.0169586,1.5859674,-1.204827,-1.5345397,-2.621384
1209,0.7036884,1.0169586,1.5859674,-1.2357142,-1.5403334,-2.6293428
1210,1.0513839,0.68460196,1.4730836,-1.248069,-1.5426507,-2.6325262
1211,1.2252303,0.5184237,1.416642,-1.248069,-1.5426507,-2.6325262
1212,1.2252303,0.5184237,1.416642,-1.248069,-1.5426507,-2.6325262
1213,1.1209222,0.5105246,1.2912157,-1.248069,-1.5426507,-2.6325262
1214,0.75584245,0.48287755,0.8522243,-1.2681781,-1.5501946,-2.6092086
1215,0.75584245,0.48287755,0.8522243,-1.3352118,-1.5753412,-2.5314834
1216,0.75584245,0.48287755,0.8522243,-1.4022454,-1.6004876,-2.4537582
1217,1.1035379,0.6021053,1.1814677,-1.4055961,-1.601745,-2.4498723
1218,1.1730763,0.6259509,1.2473166,-1.1973083,-1.5794206,-2.4192045
1219,1.1730763,0.6259509,1.2473166,-0.9522681,-1.5531563,-2.3831244
1220,1.0791987,0.67713726,1.430188,-0.85425115,-1.5426507,-2.3686926
1221,0.91230595,0.7681354,1.755292,-0.85425115,-1.5426507,-2.3686926
1222,0.91230595,0.7681354,1.755292,-0.85425115,-1.5426507,-2.3686926
1223,0.86760116,0.70707226,1.8038722,-0.85425115,-1.5426507,-2.3686926
1224,0.6440837,0.40175617,2.0467734,-0.85425115,-1.5426507,-2.3686926
1225,0.5993802,0.34069294,2.0953536,-0.85425115,-1.5302099,-2.3003309
1226,0.5993802,0.34069294,2.0953536,-0.85425115,-1.5146588,-2.2148786
1227,0.4644978,0.30392104,1.6275201,-0.85425115,-1.5131036,-2.2063334
1228,0.33860856,0.26960063,1.190875,-0.84035313,-1.4896396,-2.1812632
1229,0.33860856,0.26960063,1.190875,-0.7940199,-1.4114267,-2.097696
1230,1.2780372,0.33180642,0.6825464,-0.7754876,-1.3801415,-2.064269
1231,3.626607,0.48732087,-0.5882743,-0.7754876,-1.3801415,-2.064269
1232,4.0963216,0.5184237,-0.84243864,-0.7754876,-1.3801415,-2.064269
1233,3.5140991,0.49563774,-0.5455769,-0.7754876,-1.3801415,-2.064269
1234,1.185213,0.40449375,0.6418702,-0.7754876,-1.3801415,-2.064269
1235,-0.44500816,0.34069294,1.4730836,-0.6573422,-1.3263235,-1.9642442
1236,-0.44500816,0.34069294,1.4730836,-0.26352435,-1.14693,-1.630828
1237,-0.5573411,-0.106231585,1.1691666,-0.22414255,-1.1289908,-1.5974865
1238,-0.71781504,-0.74469525,0.7349996,-0.22414255,-1.1289908,-1.5974865
1239,-0.75793386,-0.90431106,0.62645733,0.03269477,-0.9651968,-1.346006
1240,-1.2385104,-1.0903084,0.70915127,0.16967532,-0.8778401,-1.2118833
1241,-2.3064597,-1.5036359,0.8929149,0.16967532,-0.8778401,-1.2118833
1242,-3.0540237,-1.7929649,1.0215497,0.16967532,-0.8778401,-1.2118833
1243,-2.9399366,-1.7337214,1.0450667,0.16967532,-0.8778401,-1.2118833
1244,-2.4835865,-1.496747,1.1391366,0.16967532,-0.8778401,-1.2118833
1245,-2.027238,-1.2597727,1.2332063,0.16967532,-0.8778401,-1.2118833
1246,-1.9587845,-1.2242265,1.2473166,0.2440642,-0.4732085,-0.8668701
1247,-1.7414056,-1.2128516,1.0667032,0.2484389,-0.44940656,-0.8465752
1248,-1.4696825,-1.1986333,0.84093624,0.2484389,-0.44940656,-0.8465752
1249,-1.2794759,-1.1886804,0.6828996,0.31144878,-0.27212372,-0.6192723
1250,-1.0717025,-1.2765003,0.2099508,0.40596604,-0.0061994623,-0.27831805
1251,-0.47806552,-1.5274142,-1.1413306,0.40596604,-0.0061994623,-0.27831805
1252,0.11557275,-1.7783283,-2.4926121,0.40596604,-0.0061994623,-0.27831805
1253,0.32711706,-1.7863377,-2.7867844,0.40596604,-0.0061994623,-0.27831805
1254,0.698385,-1.6176441,-2.8824484,0.40596604,-0.0061994623,-0.27831805
1255,1.0696516,-1.4489505,-2.9781122,0.40596604,-0.0061994623,-0.27831805
1256,1.3295398,-1.3308649,-3.045077,0.28782067,0.3040455,0.17831714
1257,1.1306455,-1.4573852,-2.700328,0.2484389,0.4074605,0.3305289
1258,0.8654552,-1.6260788,-2.240663,0.2484389,0.4074605,0.3305289
1259,0.60026366,-1.7947725,-1.7809974,0.2484389,0.4074605,0.3305289
1260,0.3501964,-1.7820718,-1.7957803,-0.22414255,0.8506676,0.9596707
1261,-0.08764638,-1.6788733,-2.0329266,-0.22414255,0.8506676,0.9596707
1262,-0.5254904,-1.5756748,-2.2700732,-0.22414255,0.8506676,0.9596707
1263,-0.8100879,-1.5085957,-2.4242182,-0.24958785,0.86839604,0.9896447
1264,-0.8100879,-1.5085957,-2.4242182,-0.4192343,0.9865846,1.1894714
1265,-0.8100879,-1.5085957,-2.4242182,-0.5888808,1.1047732,1.3892981
1266,-0.8100879,-1.5085957,-2.4242182,-0.75852245,1.2229618,1.5891247
1267,-0.18423776,-1.5441419,-2.3677762,-0.8288876,1.2923725,1.7123019
1268,-0.18423776,-1.5441419,-2.3677762,-0.93568283,1.407556,1.9186907
1269,-0.18423776,-1.5441419,-2.3677762,-1.0424829,1.5227396,2.1250792
1270,0.91230595,-0.6190532,-2.48066,-1.0905418,1.5745726,2.2179544
1271,0.91230595,-0.6190532,-2.48066,-1.0905418,1.5745726,2.2179544
1272,0.91230595,-0.6190532,-2.48066,-1.0905418,1.5745726,2.2179544
1273,1.747353,-1.046002,-2.153925,-1.0905418,1.5745726,2.2179544
1274,2.7911613,-1.5796881,-1.745506,-1.2149031,1.6134505,2.298066
1275,2.7911613,-1.5796881,-1.745506,-1.380723,1.6652874,2.404881
1276,2.7911613,-1.5796881,-1.745506,-1.5465428,1.7171243,2.511696
1277,-1.2273219,-1.7218727,-1.801948,-1.5847467,1.7286811,2.5359077
1278,-1.2273219,-1.7218727,-1.801948,-1.8009572,1.7924101,2.671207
1279,-1.2273219,-1.7218727,-1.801948,-2.0171723,1.8561397,2.8065064
1280,-1.8365482,-1.7426078,-2.1978633,-2.1144683,1.8848175,2.867391
1281,-2.2717102,-1.7574188,-2.48066,-2.1144683,1.8848175,2.867391
1282,-2.2717102,-1.7574188,-2.48066,-2.1144683,1.8848175,2.867391
1283,-2.2833006,-1.8840028,-2.4555748,-2.1144683,1.8848175,2.867391
1284,-2.3238642,-2.327046,-2.3677762,-2.1243138,1.8829708,2.9206653
1285,-2.3238642,-2.327046,-2.3677762,-2.1571336,1.8768153,3.0982456
1286,-2.3238642,-2.327046,-2.3677762,-2.1899486,1.8706594,3.275826
1287,-1.0623835,-1.4376515,-2.0843918,-2.1932318,1.870044,3.2935839
1288,-0.8100879,-1.2597727,-2.027715,-2.4312725,1.875625,3.4009216
1289,-0.8100879,-1.2597727,-2.027715,-2.7113197,1.8821913,3.5272007
1290,-4.2859063,-1.3365523,-2.068861,-2.8233404,1.8848175,3.5777125
1291,-10.46514,-1.4730495,-2.1420093,-2.8233404,1.8848175,3.5777125
1292,-10.46514,-1.4730495,-2.1420093,-2.8233404,1.8848175,3.5777125
1293,-8.134064,-1.1232162,-2.283114,-2.8233404,1.8848175,3.5777125
1294,1.1902438,0.27611744,-2.847531,-2.8233404,1.8848175,3.5777125
1295,3.521321,0.6259509,-2.9886355,-2.7611575,1.931471,3.6818573
1296,3.521321,0.6259509,-2.9886355,-2.67825,1.9936752,3.820717
1297,0.40563717,-2.4397404,-3.5871794,-2.6658134,2.003006,3.841546
1298,-2.9497156,-5.741254,-4.2317643,-2.746827,2.0182016,3.8798165
1299,-2.9497156,-5.741254,-4.2317643,-3.0168748,2.068854,4.0073843
1300,-2.13653,-4.7854924,-4.308234,-3.1383948,2.0916474,4.0647902
1301,0.1868565,-2.0547454,-4.526718,-3.1383948,2.0916474,4.0647902
1302,0.65153426,-1.5085957,-4.570415,-3.1383948,2.0916474,4.0647902
