,x-acc,y-acc,z-acc,x-gyro,y-gyro,z-gyro,x-mag,y-mag,z-mag
0,-0.02620738,0.067704745,0.13211507,-0.1217991,-0.5774859,0.03609144,-1.7830863,0.3380597,-1.583767
1,0.02198479,0.06599561,0.1609591,-0.06706846,-0.5716316,0.09960883,-1.7830863,0.3380597,-1.583767
2,0.037537716,0.13075683,0.19926865,-0.06706846,-0.5716316,0.09960883,-1.7830863,0.3380597,-1.583767
3,0.020478783,0.15100631,0.20646246,-0.06706846,-0.5716316,0.09960883,-1.7948213,0.35383105,-1.5502719
4,-0.04748313,0.13636723,0.21107474,-0.06706846,-0.5716316,0.09960883,-1.7948213,0.35383105,-1.5502719
5,-0.24748065,0.19399467,0.0038485962,0.00861852,-0.6595397,0.28158042,-1.7948213,0.35383105,-1.5502719
6,-0.34304354,0.21345152,-0.16241765,0.00861852,-0.6595397,0.28158042,-1.7332127,0.3932595,-1.4976366
7,-0.359103,0.2278615,-0.4593598,0.00861852,-0.6595397,0.28158042,-1.7332127,0.3932595,-1.4976366
8,-0.32346544,0.24794377,-0.5983825,-0.5064395,-0.8860611,0.6504418,-1.7332127,0.3932595,-1.4976366
9,-0.15848942,0.28639925,-0.64147645,-0.5064395,-0.8860611,0.6504418,-1.6305319,0.4366308,-1.2870954
10,-0.017308258,0.17239523,-0.41192886,-0.5064395,-0.8860611,0.6504418,-1.6305319,0.4366308,-1.2870954
11,0.0118261,0.16196705,-0.37134758,-0.9231248,-1.3219188,0.5192213,-1.6305319,0.4366308,-1.2870954
12,0.11019563,0.14519155,-0.19238032,-0.9231248,-1.3219188,0.5192213,-1.5043813,0.49183062,-1.014349
13,0.31762734,0.05896093,-0.020985497,-0.9231248,-1.3219188,0.5192213,-1.5043813,0.49183062,-1.014349
14,0.61034006,-0.0044503184,0.037872855,-0.9231248,-1.3219188,0.5192213,-1.5043813,0.49183062,-1.014349
15,0.62782335,-0.03987765,0.0049156193,-0.79972655,-1.5282335,0.12786205,-1.4486402,0.5430876,-0.76552755
16,0.64530677,-0.075304955,-0.028041618,-0.79972655,-1.5282335,0.12786205,-1.4486402,0.5430876,-0.76552755
17,0.4556048,-0.008463063,-0.22330678,-0.79972655,-1.5282335,0.12786205,-1.4486402,0.5430876,-0.76552755
18,0.22732177,0.025125086,-0.24519795,-0.8118324,-1.4784726,-0.13279995,-1.439839,0.5115448,-0.52149117
19,0.25034082,0.04225355,-0.36819243,-0.8118324,-1.4784726,-0.13279995,-1.439839,0.5115448,-0.52149117
20,0.5237402,0.05699171,-0.44724393,-0.8118324,-1.4784726,-0.13279995,-1.439839,0.5115448,-0.52149117
21,0.6374208,0.04723232,-0.36377516,-0.94672614,-1.2765956,-0.3464779,-1.3664956,0.48788777,-0.21046445
22,0.776028,0.07914849,-0.1652401,-0.94672614,-1.2765956,-0.3464779,-1.3664956,0.48788777,-0.21046445
23,0.5866729,-0.2297708,-0.0541091,-0.94672614,-1.2765956,-0.3464779,-1.3664956,0.48788777,-0.21046445
24,0.4091103,-0.3557511,0.034052227,-0.6316689,-1.0673537,-0.5048005,-1.4105017,0.43268794,7.6737415e-05
25,0.48529592,-0.17782806,-0.042658683,-0.6316689,-1.0673537,-0.5048005,-1.4105017,0.43268794,7.6737415e-05
26,0.46910408,0.033150565,-0.028316978,-0.6316689,-1.0673537,-0.5048005,-1.4105017,0.43268794,7.6737415e-05
27,0.3890941,0.049684558,-0.0076649236,-0.6316689,-1.0673537,-0.5048005,-1.439839,0.41297373,0.19626284
28,0.20815444,-0.088866554,-0.18172732,-0.38995886,-0.45133644,-0.4164831,-1.439839,0.41297373,0.19626284
29,-0.16235025,0.13571084,-0.20820783,-0.38995886,-0.45133644,-0.4164831,-1.439839,0.41297373,0.19626284
30,-0.21826413,0.22331001,-0.19071096,-0.38995886,-0.45133644,-0.4164831,-1.4662427,0.37748814,0.36373878
31,-0.28741258,0.65816003,-0.29921454,-0.63553464,-0.67596936,-0.28254196,-1.4662427,0.37748814,0.36373878
32,-0.27961788,0.35851714,-0.021628007,-0.63553464,-0.67596936,-0.28254196,-1.4662427,0.37748814,0.36373878
33,-0.26145455,0.016282184,0.1759089,-0.63553464,-0.67596936,-0.28254196,-1.4926463,0.3222883,0.5694949
34,-0.3395934,-0.25569263,0.18099158,-0.69291025,-1.3275841,-0.43960887,-1.4926463,0.3222883,0.5694949
35,-0.3395934,-0.25569263,0.18099158,-0.69291025,-1.3275841,-0.43960887,-1.4926463,0.3222883,0.5694949
36,-0.32258925,0.3309481,0.54880464,-0.69291025,-1.3275841,-0.43960887,-1.439839,0.24737427,0.7943912
37,-0.32258925,0.3309481,0.54880464,-0.69291025,-1.3275841,-0.43960887,-1.439839,0.24737427,0.7943912
38,-0.39543882,0.23443791,0.36716983,-0.48802638,-1.3150259,-0.48177937,-1.439839,0.24737427,0.7943912
39,-0.37905076,0.2306667,0.27375373,-0.48802638,-1.3150259,-0.48177937,-1.3811643,0.22766005,0.9762222
40,-0.23006575,0.340757,0.13094477,-0.48802638,-1.3150259,-0.48177937,-1.3811643,0.22766005,0.9762222
41,-0.08518803,0.2683419,0.13712318,-0.5393999,-1.2832997,-0.6150927,-1.3811643,0.22766005,0.9762222
42,-0.04307464,0.17954138,0.18687743,-0.5393999,-1.2832997,-0.6150927,-1.3576944,0.19217443,1.1771933
43,-0.2134358,0.16827102,0.62245214,-0.5393999,-1.2832997,-0.6150927,-1.3576944,0.19217443,1.1771933
44,-0.39024082,0.37370116,0.63697743,-0.21244036,-0.93941015,-0.4633625,-1.3576944,0.19217443,1.1771933
45,-0.44717693,0.44586864,0.6168187,-0.21244036,-0.93941015,-0.4633625,-1.3195559,0.15668884,1.282464
46,-0.39428192,0.3612016,0.31265703,-0.21244036,-0.93941015,-0.4633625,-1.3195559,0.15668884,1.282464
47,-0.30952805,0.18277386,0.18081948,-0.16981556,-0.7020302,-0.27165926,-1.3195559,0.15668884,1.282464
48,-0.0012350734,0.20520312,0.011908633,-0.16981556,-0.7020302,-0.27165926,-1.296086,0.12514608,1.292034
49,0.052940045,0.3691992,-0.20289566,-0.16981556,-0.7020302,-0.27165926,-1.296086,0.12514608,1.292034
50,-0.15928347,0.41233,-0.48483065,-0.16981556,-0.7020302,-0.27165926,-1.296086,0.12514608,1.292034
51,-0.31742772,0.3201174,-0.53300154,-0.4562867,-0.97972894,-0.8667555,-1.2814173,0.08966048,1.4355849
52,-0.37407634,0.24104533,-0.34814844,-0.4562867,-0.97972894,-0.8667555,-1.2814173,0.08966048,1.4355849
53,-0.28272116,0.21333386,-0.077761434,-0.4562867,-0.97972894,-0.8667555,-1.2814173,0.08966048,1.4355849
54,-0.077959195,0.31185043,0.18260932,-0.57012236,-1.1627212,-1.0092772,-1.2608811,0.038403507,1.5695657
55,-0.22640568,0.33483702,0.04157875,-0.57012236,-1.1627212,-1.0092772,-1.2608811,0.038403507,1.5695657
56,-0.30062893,0.3463303,-0.028936539,-0.57012236,-1.1627212,-1.0092772,-1.2608811,0.038403507,1.5695657
57,-0.48255438,0.24255629,-0.0826663,-0.4236314,-1.1979411,-0.9697227,-1.272616,-0.03256769,1.6987613
58,-0.7527728,0.08726687,0.21403487,-0.4236314,-1.1979411,-0.9697227,-1.272616,-0.03256769,1.6987613
59,-0.83536124,0.061376,0.4964058,-0.4236314,-1.1979411,-0.9697227,-1.272616,-0.03256769,1.6987613
60,-0.91420287,0.028729124,0.68996143,-0.4236314,-1.1979411,-0.9697227,-1.1787364,-0.05622476,1.8327421
61,-1.1826279,-0.342462,0.57667345,0.30800936,-1.6026392,-0.19401523,-1.1787364,-0.05622476,1.8327421
62,-1.1836958,-0.3616216,0.44607788,0.30800936,-1.6026392,-0.19401523,-1.1787364,-0.05622476,1.8327421
63,-0.9020179,-0.32855362,0.36376226,0.30800936,-1.6026392,-0.19401523,-0.9851098,0.05811773,1.7274715
64,-0.6587844,-0.31031054,0.3719198,1.1402608,-1.5095378,0.59833026,-0.9851098,0.05811773,1.7274715
65,-0.14170429,-0.27571917,1.2155563,1.1402608,-1.5095378,0.59833026,-0.9851098,0.05811773,1.7274715
66,0.27173522,-0.24718413,0.825439,1.1402608,-1.5095378,0.59833026,-0.7738808,0.27103132,1.4307998
67,0.2460373,0.17279772,-0.5102843,1.6669161,-1.2545006,0.5453816,-0.7738808,0.27103132,1.4307998
68,-0.118174106,0.30690882,-0.8140243,1.6669161,-1.2545006,0.5453816,-0.7738808,0.27103132,1.4307998
69,-0.44201088,0.27049688,-0.8718041,1.6669161,-1.2545006,0.5453816,-0.55091673,0.48788777,1.0671377
70,-0.825595,0.17664328,-0.899455,1.6669161,-1.2545006,0.5453816,-0.55091673,0.48788777,1.0671377
71,-0.83497787,-0.024080563,-1.0431359,0.658672,-1.4742235,1.158267,-0.55091673,0.48788777,1.0671377
72,-0.59137005,-0.039190277,-1.119778,0.658672,-1.4742235,1.158267,-0.24874182,0.5667447,0.9235869
73,-0.05438337,0.0123251695,-1.3054228,0.658672,-1.4742235,1.158267,-0.24874182,0.5667447,0.9235869
74,0.06962932,-0.02503421,-1.2867498,-0.2170182,-2.257842,1.1756375,-0.24874182,0.5667447,0.9235869
75,0.24465454,-0.21890914,-0.91002196,-0.2170182,-2.257842,1.1756375,0.103306614,0.49183062,0.7800361
76,0.31831187,-0.18979816,-0.8048858,-0.2170182,-2.257842,1.1756375,0.103306614,0.49183062,0.7800361
77,0.4542631,-0.07872323,-0.68591285,-0.7076611,-1.7968677,1.0544626,0.103306614,0.49183062,0.7800361
78,0.41542184,-0.040342074,-0.6740379,-0.7076611,-1.7968677,1.0544626,0.38201162,0.4011452,0.6891206
79,0.30529633,0.04832221,-0.6521352,-0.7076611,-1.7968677,1.0544626,0.38201162,0.4011452,0.6891206
80,0.2962968,0.12856469,-0.6101886,-0.7076611,-1.7968677,1.0544626,0.38201162,0.4011452,0.6891206
81,0.32329538,0.14865316,-0.5848325,-1.1385885,-1.6727955,0.8837923,0.6812528,0.2237172,0.6795505
82,0.38602734,0.24253774,-0.4964474,-1.1385885,-1.6727955,0.8837923,0.6812528,0.2237172,0.6795505
83,0.36246067,0.35959464,-0.46400648,-1.1385885,-1.6727955,0.8837923,0.6812528,0.2237172,0.6795505
84,0.29785758,0.4862933,-0.47447017,-1.4339101,-1.7857258,0.3331687,0.9188855,0.014746441,0.6317003
85,0.21693856,0.48662025,-0.31285408,-1.4339101,-1.7857258,0.3331687,0.9188855,0.014746441,0.6317003
86,0.2298409,0.48138884,-0.34969735,-1.4339101,-1.7857258,0.3331687,0.9188855,0.014746441,0.6317003
87,0.68670815,0.33265725,0.6218785,-1.5125474,-1.8677796,-0.020624254,1.0802411,-0.11931027,0.52164465
88,0.63878983,0.18168399,1.6245815,-1.5125474,-1.8677796,-0.020624254,1.0802411,-0.11931027,0.52164465
89,0.17128469,0.06623712,2.1422997,-1.5125474,-1.8677796,-0.020624254,1.0802411,-0.11931027,0.52164465
90,-0.27226126,0.026276883,2.1586666,-0.31111825,-0.14965415,-0.13332316,1.1653194,-0.16268156,0.32545856
91,1.0848595,0.66303974,-1.2521461,-0.31111825,-0.14965415,-0.13332316,1.1653194,-0.16268156,0.32545856
92,1.9596386,-0.8078535,-0.6959634,-0.31111825,-0.14965415,-0.13332316,1.1653194,-0.16268156,0.32545856
93,2.1489573,-1.5104178,-0.8321637,-0.31111825,-0.14965415,-0.13332316,1.0567712,-0.04045338,0.5455698
94,-0.39819068,-0.755855,-0.87537813,-0.7429613,-1.0122105,-1.8200396,1.0567712,-0.04045338,0.5455698
95,-1.2833933,-0.44477457,-0.25425044,-0.7429613,-1.0122105,-1.8200396,1.0567712,-0.04045338,0.5455698
96,-1.8552647,0.1918397,0.354813,-0.7429613,-1.0122105,-1.8200396,1.0039638,0.077831954,0.39244893
97,-0.14159477,0.8962618,-0.9720125,-0.89209723,-1.2866989,-0.38509065,1.0039638,0.077831954,0.39244893
98,0.46581823,0.47771046,-0.5838228,-0.89209723,-1.2866989,-0.38509065,1.0039638,0.077831954,0.39244893
99,0.46581823,0.47771046,-0.5838228,-0.89209723,-1.2866989,-0.38509065,1.0421025,0.05023204,0.34459868
100,0.5261771,-0.22636491,-0.10843547,-1.0409279,-1.3564777,-0.97704756,1.0421025,0.05023204,0.34459868
101,-0.28091395,0.037051845,0.5980254,-1.0409279,-1.3564777,-0.97704756,1.0421025,0.05023204,0.34459868
102,-0.33534008,0.16983153,0.5181478,-1.0409279,-1.3564777,-0.97704756,1.0303675,0.12120324,0.30631846
103,-0.4441923,0.4353909,0.35839275,-1.0409279,-1.3564777,-0.97704756,1.0303675,0.12120324,0.30631846
104,-0.14777395,0.108674355,0.09172882,-0.71091646,-0.5639834,-0.62806827,1.0303675,0.12120324,0.30631846
105,-0.07563174,0.026834212,0.06630385,-0.71091646,-0.5639834,-0.62806827,0.98636144,0.18034591,0.2823933
106,0.109771214,0.13800205,-0.11068425,-0.71091646,-0.5639834,-0.62806827,0.98636144,0.18034591,0.2823933
107,-0.011284236,0.30140987,-0.22413287,-0.61701983,-0.80806744,-0.792774,0.98636144,0.18034591,0.2823933
108,-0.2694957,0.22409025,-0.21487387,-0.61701983,-0.80806744,-0.792774,0.9276867,0.24343142,0.18190776
109,-0.4713917,0.17639558,-0.16093758,-0.61701983,-0.80806744,-0.792774,0.9276867,0.24343142,0.18190776
110,-0.45016158,0.25563487,0.21265806,-0.5903666,-0.73725003,-0.45938608,0.9276867,0.24343142,0.18190776
111,-0.37590185,0.2679332,0.23824939,-0.5903666,-0.73725003,-0.45938608,0.9511566,0.21977435,0.20104787
112,-0.18710352,0.21691935,0.1681873,-0.5903666,-0.73725003,-0.45938608,0.9511566,0.21977435,0.20104787
113,-0.18710352,0.21691935,0.1681873,-0.5903666,-0.73725003,-0.45938608,0.9511566,0.21977435,0.20104787
114,0.08203333,0.3109587,-0.023980046,-0.3040989,-0.29582134,-0.4624207,0.95409036,0.25525996,0.14362754
115,0.07604582,0.2978182,-0.0064143264,-0.3040989,-0.29582134,-0.4624207,0.95409036,0.25525996,0.14362754
116,-0.045037013,0.30391163,-0.0014348871,-0.3040989,-0.29582134,-0.4624207,0.95409036,0.25525996,0.14362754
117,-0.22259048,0.2696609,-0.038969994,-0.27429208,-0.029264491,-0.7433831,0.9012831,0.3420025,0.12448744
118,-0.4993121,0.20049682,-0.11129233,-0.27429208,-0.029264491,-0.7433831,0.9012831,0.3420025,0.12448744
119,-0.6405754,0.18210506,-0.09669248,-0.27429208,-0.029264491,-0.7433831,0.9012831,0.3420025,0.12448744
120,-0.67792434,0.124254696,0.19331399,-0.41183075,-0.14210029,-0.78021693,0.84260833,0.42085943,0.20583288
121,-0.6767948,0.13819712,0.25647485,-0.41183075,-0.14210029,-0.78021693,0.84260833,0.42085943,0.20583288
122,-0.69485545,0.12981556,0.43379566,-0.41183075,-0.14210029,-0.78021693,0.84260833,0.42085943,0.20583288
123,-0.9146136,-0.10540054,0.40976468,0.0009887842,-0.20961289,-0.83494455,0.7663312,0.49577346,0.13884251
124,-1.2881395,-0.43435878,0.44119596,0.0009887842,-0.20961289,-0.83494455,0.7663312,0.49577346,0.13884251
125,-1.3703856,-0.49378204,0.46588665,0.0009887842,-0.20961289,-0.83494455,0.7663312,0.49577346,0.13884251
126,-1.2767395,-0.31751862,0.9302481,0.0009887842,-0.20961289,-0.83494455,0.75459623,0.5273162,0.024001872
127,-1.2281502,-0.4320675,1.4984032,0.8381234,0.072618194,0.5076061,0.75459623,0.5273162,0.024001872
128,-1.1257647,-0.29495314,1.494267,0.8381234,0.072618194,0.5076061,0.75459623,0.5273162,0.024001872
129,-1.1023166,-0.2620833,1.4464116,0.8381234,0.072618194,0.5076061,0.9423554,0.40903088,-0.38272542
130,-0.78923863,-0.1465683,0.7457134,1.9351777,-0.18695132,1.6135622,0.9423554,0.40903088,-0.38272542
131,-0.34823698,-0.32740185,0.17173259,1.9351777,-0.18695132,1.6135622,0.9423554,0.40903088,-0.38272542
132,0.248488,-0.75150794,-0.28719047,1.9351777,-0.18695132,1.6135622,1.2210604,0.1172604,-0.8995083
133,0.71252936,-1.2519675,-0.27466154,1.2592849,0.058832403,2.0282564,1.2210604,0.1172604,-0.8995083
134,0.635002,-1.1153857,0.00079094456,1.2592849,0.058832403,2.0282564,1.2210604,0.1172604,-0.8995083
135,0.5962383,-1.0470947,0.1385172,1.2592849,0.058832403,2.0282564,1.4880304,-0.3361667,-1.220105
136,0.36110982,-0.6717918,0.54250574,1.2592849,0.058832403,2.0282564,1.4880304,-0.3361667,-1.220105
137,0.06528929,-0.3311359,0.2550292,1.0822749,0.0076549994,1.5441849,1.4880304,-0.3361667,-1.220105
138,0.028638594,-0.30622348,0.20246972,1.0822749,0.0076549994,1.5441849,1.6288499,-0.8329651,-1.4306462
139,0.32022864,-0.12323494,-0.19831778,1.0822749,0.0076549994,1.5441849,1.6288499,-0.8329651,-1.4306462
140,0.50684553,0.06174755,-0.46096602,0.92581445,-0.41668308,1.1759515,1.6288499,-0.8329651,-1.4306462
141,0.5685279,0.14970589,-0.4813198,0.92581445,-0.41668308,1.1759515,1.6787233,-1.2233067,-1.6507574
142,0.74965924,0.18957324,-0.4512022,0.92581445,-0.41668308,1.1759515,1.6787233,-1.2233067,-1.6507574
143,0.8761089,0.3981244,-0.43581644,0.4641646,-1.030151,0.598121,1.6787233,-1.2233067,-1.6507574
144,0.8271226,0.5237827,-0.5704678,0.4641646,-1.030151,0.598121,1.6171149,-1.4677631,-1.9139339
145,0.8720655,0.99807906,-0.6879665,0.4641646,-1.030151,0.598121,1.6171149,-1.4677631,-1.9139339
146,0.97353375,1.3561668,-0.7523435,0.4641646,-1.030151,0.598121,1.6171149,-1.4677631,-1.9139339
147,0.97353375,1.3561668,-0.7523435,-0.2136611,-0.6449041,0.049590204,1.5672414,-1.6333625,-2.1196902
148,0.8227689,1.33105,-0.7020902,-0.2136611,-0.6449041,0.049590204,1.5672414,-1.6333625,-2.1196902
149,0.65594006,1.265719,-0.56149566,-0.2136611,-0.6449041,0.049590204,1.5672414,-1.6333625,-2.1196902
150,0.37255546,1.1876687,-0.53143543,-0.9855869,-0.33661216,-0.31958503,1.5261691,-1.6530768,-2.1866806
151,-0.3178978,1.0771449,0.6029474,-0.9855869,-0.33661216,-0.31958503,1.5261691,-1.6530768,-2.1866806
152,-1.4560773,0.5723257,1.5691881,-0.9855869,-0.33661216,-0.31958503,1.5261691,-1.6530768,-2.1866806
153,-2.1803427,-0.28233275,1.3851095,-0.7314659,-0.033324692,0.45831993,1.5085666,-1.7161622,-2.2010355
154,-1.7117468,-0.23435327,1.3035798,-0.7314659,-0.033324692,0.45831993,1.5085666,-1.7161622,-2.2010355
155,-1.2424847,-0.061619513,1.2251939,-0.7314659,-0.033324692,0.45831993,1.5085666,-1.7161622,-2.2010355
156,-0.7725562,0.23586841,1.1499516,-0.28955153,-1.7723178,0.5485209,1.4762956,-1.8778188,-2.473782
157,0.0683766,0.35873076,0.78003883,-0.28955153,-1.7723178,0.5485209,1.4762956,-1.8778188,-2.473782
158,0.35861805,-1.5994661,1.0703493,-0.28955153,-1.7723178,0.5485209,1.4762956,-1.8778188,-2.473782
159,0.25429296,-4.018159,1.4750148,-0.28955153,-1.7723178,0.5485209,1.3325424,-2.051304,-2.6938932
160,1.4389031,-2.4930196,0.48872438,0.49580258,-0.23963949,0.2170166,1.3325424,-2.051304,-2.6938932
161,2.5811443,1.4414376,-0.11373616,0.49580258,-0.23963949,0.2170166,1.3325424,-2.051304,-2.6938932
162,2.9007277,2.1776645,-0.30281717,0.49580258,-0.23963949,0.2170166,1.3120062,-2.1656466,-2.4881372
163,3.0718007,2.4742978,-1.6702242,-0.47998974,2.7848315,-1.184447,1.3120062,-2.1656466,-2.4881372
164,0.61339766,0.7263767,-2.562393,-0.47998974,2.7848315,-1.184447,1.3120062,-2.1656466,-2.4881372
165,-0.15298566,0.18180783,-2.6279974,-0.47998974,2.7848315,-1.184447,1.4000183,-1.9882185,-1.8182334
166,-2.7020228,-2.1649408,0.4956256,-0.6079659,1.9957364,-0.0915712,1.4000183,-1.9882185,-1.8182334
167,-1.5147021,-0.80789065,0.093564555,-0.6079659,1.9957364,-0.0915712,1.4000183,-1.9882185,-1.8182334
168,-0.32738107,0.5491596,-0.3084965,-0.6079659,1.9957364,-0.0915712,1.4322895,-2.023704,-1.4784964
169,1.00861,1.4354928,-0.30994216,-0.6079659,1.9957364,-0.0915712,1.4322895,-2.023704,-1.4784964
170,1.1141217,0.8680364,-0.49810532,-0.9065429,0.5517218,-0.7483013,1.4322895,-2.023704,-1.4784964
171,0.8160467,0.09425201,-0.28798214,-0.9065429,0.5517218,-0.7483013,1.3853496,-1.9606186,-1.2536002
172,0.5589715,-0.3826885,-0.0902043,-0.9065429,0.5517218,-0.7483013,1.3853496,-1.9606186,-1.2536002
173,-0.06522661,-0.5522455,0.42494395,-0.7238361,1.8581618,-1.1453112,1.3853496,-1.9606186,-1.2536002
174,0.11869771,-0.042162683,0.55802923,-0.7238361,1.8581618,-1.1453112,1.3530786,-1.7871335,-0.8755832
175,0.3692696,0.36966366,0.124003395,-0.7238361,1.8581618,-1.1453112,1.3530786,-1.7871335,-0.8755832
176,0.23550898,0.46871895,-0.27621046,-0.2699177,1.5024695,-1.1054428,1.3530786,-1.7871335,-0.8755832
177,0.043246847,0.45508307,-0.29484895,-0.2699177,1.5024695,-1.1054428,1.2973375,-1.6530768,-0.55020136
178,-0.4044064,0.39569074,-0.3912596,-0.2699177,1.5024695,-1.1054428,1.2973375,-1.6530768,-0.55020136
179,-0.6597975,0.34993434,-0.4690318,-0.6149852,1.0057088,-0.78387934,1.2973375,-1.6530768,-0.55020136
180,-0.3367046,0.32825437,0.2094742,-0.6149852,1.0057088,-0.78387934,1.2151929,-1.5663341,-0.24874465
181,0.033549085,0.30978212,0.49987075,-0.6149852,1.0057088,-0.78387934,1.2151929,-1.5663341,-0.24874465
182,-0.042819075,0.24451312,0.5714531,-0.6149852,1.0057088,-0.78387934,1.2151929,-1.5663341,-0.24874465
183,-0.11894993,0.21205202,0.5776487,-0.34896174,0.63585293,-1.0842005,1.1271808,-1.5032487,7.6737415e-05
184,-0.6576343,0.24530578,0.6584842,-0.34896174,0.63585293,-1.0842005,1.1271808,-1.5032487,7.6737415e-05
185,-1.049935,0.2539629,0.576444,-0.34896174,0.63585293,-1.0842005,1.1271808,-1.5032487,7.6737415e-05
186,-1.2006999,0.2181083,0.54081917,-0.013660309,0.7845695,-0.477803,1.0421025,-1.444106,0.1005623
187,-1.3796407,-0.19557577,1.0402031,-0.013660309,0.7845695,-0.477803,1.0421025,-1.444106,0.1005623
188,-1.3239254,-0.32395568,1.4525555,-0.013660309,0.7845695,-0.477803,1.0421025,-1.444106,0.1005623
189,-1.4698915,-0.92052615,1.5180914,1.0049603,0.7457616,0.6761835,1.0039638,-1.5347914,0.224973
190,-1.5201647,-1.5630666,1.3509821,1.0049603,0.7457616,0.6761835,1.0039638,-1.5347914,0.224973
191,-1.174509,-1.4228992,1.762044,1.0049603,0.7457616,0.6761835,1.0039638,-1.5347914,0.224973
192,-0.8256361,-1.0652635,1.9569477,1.0049603,0.7457616,0.6761835,1.012765,-1.6846195,0.13884251
193,-0.5021963,-0.94250333,1.1289209,2.758884,-0.0007486706,1.346831,1.012765,-1.6846195,0.13884251
194,0.07379138,-0.808448,-0.28994405,2.758884,-0.0007486706,1.346831,1.012765,-1.6846195,0.13884251
195,0.44421393,-0.82880896,-0.80844826,2.758884,-0.0007486706,1.346831,0.94528913,-1.8659903,-0.014278343
196,0.63443613,-1.1217763,-0.5916362,1.8187988,0.5861863,1.709937,0.94528913,-1.8659903,-0.014278343
197,0.27564174,-0.7701535,-0.40965718,1.8187988,0.5861863,1.709937,0.94528913,-1.8659903,-0.014278343
198,-0.35191524,-0.4244136,0.28266853,1.8187988,0.5861863,1.709937,0.94528913,-2.0552468,-0.028633423
199,-0.220263,-0.3709661,0.08483906,1.3940767,0.1960294,1.8899205,0.94528913,-2.0552468,-0.028633423
200,-0.08861077,-0.31751862,-0.112990394,1.3940767,0.1960294,1.8899205,0.94528913,-2.0552468,-0.028633423
201,0.59287035,-0.34902608,-0.49090576,1.3940767,0.1960294,1.8899205,0.9100843,-2.2721033,-0.071698666
202,0.7197308,-0.3032139,-0.693141,1.3940767,0.1960294,1.8899205,0.9100843,-2.2721033,-0.071698666
203,0.5942395,0.057041254,-0.8283775,0.9985513,-0.81118345,1.1013421,0.9100843,-2.2721033,-0.071698666
204,0.9946178,0.840678,-0.71134925,0.9985513,-0.81118345,1.1013421,0.8895481,-2.3903887,-0.32530507
205,0.9946178,0.840678,-0.71134925,0.9985513,-0.81118345,1.1013421,0.8895481,-2.3903887,-0.32530507
206,0.9731367,1.3614056,-1.0811414,0.26487592,-1.3048283,0.41437048,0.8895481,-2.3903887,-0.32530507
207,1.0231498,1.556321,-1.1609445,0.26487592,-1.3048283,0.41437048,0.8396746,-2.4495313,-0.6124067
208,1.1911834,1.6671172,-1.0300907,0.26487592,-1.3048283,0.41437048,0.8396746,-2.4495313,-0.6124067
209,1.3090717,1.7697952,-0.9182311,-1.0230235,-1.1098442,-0.40308896,0.8396746,-2.4495313,-0.6124067
210,1.3732457,1.8127154,-0.7264596,-1.0230235,-1.1098442,-0.40308896,0.84260833,-2.4692454,-0.7416024
211,1.1992245,1.756339,-0.3244789,-1.0230235,-1.1098442,-0.40308896,0.84260833,-2.4692454,-0.7416024
212,0.31513557,1.2029766,1.143515,-1.0230235,-1.1098442,-0.40308896,0.84260833,-2.4692454,-0.7416024
213,0.014454763,0.9897811,1.6468743,-1.3445914,-0.050509725,-1.0924672,0.8279396,-2.3903887,-0.7703126
214,-2.0460162,-1.1152494,2.7510364,-1.3445914,-0.050509725,-1.0924672,0.8279396,-2.3903887,-0.7703126
215,-1.9402853,-1.6014105,2.7594175,-1.3445914,-0.050509725,-1.0924672,0.8279396,-2.3903887,-0.7703126
216,-1.265376,-1.0358368,2.703984,0.6071967,-0.26711667,0.39846498,0.7986023,-2.4101028,-0.8085928
217,-0.528483,0.95930153,0.60581577,0.6071967,-0.26711667,0.39846498,0.7986023,-2.4101028,-0.8085928
218,-0.38055676,0.36643115,-0.020778978,0.6071967,-0.26711667,0.39846498,0.7986023,-2.4101028,-0.8085928
219,-0.2540797,-0.4598224,-0.21573436,0.07972766,0.05165623,0.3009391,0.7428613,-2.4771311,-0.8995083
220,0.5307955,-3.7441902,0.5041159,0.07972766,0.05165623,0.3009391,0.7428613,-2.4771311,-0.8995083
221,0.53754514,-3.380458,0.76605564,0.07972766,0.05165623,0.3009391,0.7428613,-2.4771311,-0.8995083
222,0.4401614,-1.3519889,0.49466184,0.24575071,0.97964793,-0.10412818,0.7311263,-2.4889598,-0.7703126
223,2.021403,1.4648824,-0.55352163,0.24575071,0.97964793,-0.10412818,0.7311263,-2.4889598,-0.7703126
224,2.6231847,1.9728909,-1.6039999,0.24575071,0.97964793,-0.10412818,0.7311263,-2.4889598,-0.7703126
225,1.8509461,1.0900624,-2.650732,0.24575071,0.97964793,-0.10412818,0.64604795,-2.3667316,-0.5358463
226,1.164194,0.31107017,-3.072395,-1.0317721,1.7563736,-1.68861,0.64604795,-2.3667316,-0.5358463
227,-0.9873308,-1.8269291,-1.4328632,-1.0317721,1.7563736,-1.68861,0.64604795,-2.3667316,-0.5358463
228,-1.954305,-1.6780736,-0.27224067,-1.0317721,1.7563736,-1.68861,0.5873732,-2.205075,-0.29659492
229,-0.31166384,0.5919002,-0.36737782,-0.82800746,0.74434525,-0.8100398,0.5873732,-2.205075,-0.29659492
230,0.41251937,0.89637333,-0.4588951,-0.82800746,0.74434525,-0.8100398,0.5873732,-2.205075,-0.29659492
231,0.73829573,0.8482576,-0.47175097,-0.82800746,0.74434525,-0.8100398,0.57270455,-2.1498752,-0.14825909
232,0.8832282,0.18321972,-0.5090968,-1.1764321,0.56579083,-1.3482109,0.57270455,-2.1498752,-0.14825909
233,0.5088626,-0.046819437,-0.22361657,-1.1764321,0.56579083,-1.3482109,0.57270455,-2.1498752,-0.14825909
234,0.14786859,-0.17319606,-0.0065405327,-1.1764321,0.56579083,-1.3482109,0.52576476,-2.027647,0.07185214
235,-0.19975396,-0.19591019,0.14213131,-1.1764321,0.56579083,-1.3482109,0.52576476,-2.027647,0.07185214
236,-0.26432735,0.2556163,0.1673096,-0.9055255,1.5485481,-1.2106075,0.52576476,-2.027647,0.07185214
237,-0.18639159,0.45419133,0.14474723,-0.9055255,1.5485481,-1.2106075,0.41428274,-1.9724472,0.2776083
238,0.017439393,0.70922345,-0.14159349,-0.9055255,1.5485481,-1.2106075,0.41428274,-1.9724472,0.2776083
239,-0.008231153,0.6432361,-0.12049398,-0.77551484,0.74821657,-1.2186649,0.41428274,-1.9724472,0.2776083
240,-0.29123694,0.2973228,0.30108327,-0.77551484,0.74821657,-1.2186649,0.30573446,-1.9054188,0.42594412
241,-0.38334972,0.2934587,0.38816607,-0.77551484,0.74821657,-1.2186649,0.30573446,-1.9054188,0.42594412
242,-0.45760944,0.45734954,0.5446742,-0.78670514,0.68891877,-1.1223947,0.30573446,-1.9054188,0.42594412
243,-0.5396457,0.4196,0.59881705,-0.78670514,0.68891877,-1.1223947,0.2206561,-1.8659903,0.588635
244,-0.5881664,0.30148417,0.45693743,-0.78670514,0.68891877,-1.1223947,0.2206561,-1.8659903,0.588635
245,-0.6366871,0.18336834,0.3150578,-0.78670514,0.68891877,-1.1223947,0.2206561,-1.8659903,0.588635
246,-0.75419664,0.009687168,0.70343685,-0.54153633,0.15335009,-1.2364539,0.14731267,-1.8147334,0.64127034
247,-0.72776854,-0.13142143,1.10236,-0.54153633,0.15335009,-1.2364539,0.14731267,-1.8147334,0.64127034
248,-1.0070276,-0.17732027,1.0165163,-0.54153633,0.15335009,-1.2364539,0.14731267,-1.8147334,0.64127034
249,-1.2952086,-0.209769,0.69627756,0.30953532,0.54917234,-0.32690996,0.041698135,-1.7555907,0.70347565
250,-1.6464775,-1.0104103,0.4134878,0.30953532,0.54917234,-0.32690996,0.041698135,-1.7555907,0.70347565
251,-1.8928599,-1.2696348,0.5432802,0.30953532,0.54917234,-0.32690996,0.041698135,-1.7555907,0.70347565
252,-2.0341232,-1.1692233,0.7085483,1.0496196,-0.7630276,0.5830526,-0.019910341,-1.7043337,0.760896
253,-1.9043512,-1.0185844,1.5583688,1.0496196,-0.7630276,0.5830526,-0.019910341,-1.7043337,0.760896
254,-1.492217,-0.8112098,1.5132785,1.0496196,-0.7630276,0.5830526,-0.019910341,-1.7043337,0.760896
255,-1.2857208,-0.74914855,1.2962369,2.4651902,-1.1677257,1.4199754,-0.046313975,-1.5663341,0.5647099
256,-0.3009849,-0.40628195,-0.9715995,2.4651902,-1.1677257,1.4199754,-0.046313975,-1.5663341,0.5647099
257,0.21698053,-0.84969,-1.5218965,2.4651902,-1.1677257,1.4199754,-0.046313975,-1.5663341,0.5647099
258,0.028036194,-1.1601388,-1.1251819,2.4651902,-1.1677257,1.4199754,-0.034579024,-1.3770776,0.40680403
259,-0.20049326,-1.0307837,-0.6486129,1.4198145,-0.59164935,1.9637973,-0.034579024,-1.3770776,0.40680403
260,-0.20202667,-0.82496345,-0.009403139,1.4198145,-0.59164935,1.9637973,-0.034579024,-1.3770776,0.40680403
261,-0.07229114,-0.70066124,0.06582197,1.4198145,-0.59164935,1.9637973,0.00062581856,-1.1010785,0.3685238
262,0.21845004,-0.6230815,-0.77537054,1.1970261,-0.7297906,2.079845,0.00062581856,-1.1010785,0.3685238
263,0.21845004,-0.6230815,-0.77537054,1.1970261,-0.7297906,2.079845,0.00062581856,-1.1010785,0.3685238
264,0.5498123,-0.22327486,-0.94156796,1.1970261,-0.7297906,2.079845,0.10037287,-0.8526793,0.3876639
265,0.552619,-0.037035283,-1.0027152,0.4545003,-1.0801953,1.5222101,0.10037287,-0.8526793,0.3876639
266,0.4882349,0.2917248,-1.1986574,0.4545003,-1.0801953,1.5222101,0.10037287,-0.8526793,0.3876639
267,0.6684171,0.4438994,-1.3348004,0.4545003,-1.0801953,1.5222101,0.29399952,-0.71073693,0.37330884
268,0.92379904,0.6725762,-1.4074612,0.4545003,-1.0801953,1.5222101,0.29399952,-0.71073693,0.37330884
269,1.2006667,1.0259701,-1.3975827,-0.12627521,-2.0651243,0.70496,0.29399952,-0.71073693,0.37330884
270,1.2910818,1.1395901,-1.3653997,-0.12627521,-2.0651243,0.70496,0.522831,-0.71073693,0.3541687
271,1.4925306,1.1634065,-1.273567,-0.12627521,-2.0651243,0.70496,0.522831,-0.71073693,0.3541687
272,1.7508515,1.205082,-1.0376517,-1.1302468,-1.3774397,-0.119719766,0.522831,-0.71073693,0.3541687
273,1.7796025,1.273794,-0.9218625,-1.1302468,-1.3774397,-0.119719766,0.6724516,-0.78565097,0.38287887
274,1.4154778,1.499641,-0.18246736,-1.1302468,-1.3774397,-0.119719766,0.6724516,-0.78565097,0.38287887
275,1.1541448,1.5150045,0.14481607,-1.1638175,-0.024921022,-0.82207364,0.6724516,-0.78565097,0.38287887
276,-1.1125848,0.32769707,2.128618,-1.1638175,-0.024921022,-0.82207364,0.73406005,-0.8999935,0.5264297
277,-2.5491908,-0.843448,1.8109893,-1.1638175,-0.024921022,-0.82207364,0.73406005,-0.8999935,0.5264297
278,-1.7115643,-1.1460015,1.6980225,-1.1638175,-0.024921022,-0.82207364,0.73406005,-0.8999935,0.5264297
279,-1.337363,-0.5994695,1.4637077,-0.07754663,-0.2616401,0.8126361,0.89834934,-1.1681069,0.55513984
280,-0.8396145,0.25168714,1.0352982,-0.07754663,-0.2616401,0.8126361,0.89834934,-1.1681069,0.55513984
281,-0.4029643,1.3089056,0.20072576,-0.07754663,-0.2616401,0.8126361,0.89834934,-1.1681069,0.55513984
282,0.5507022,-0.33951437,-0.5738066,-0.10776038,-0.5074239,0.28806818,0.9482229,-1.3613063,0.39244893
283,0.18263449,-2.6314964,-0.14682534,-0.10776038,-0.5074239,0.28806818,0.9482229,-1.3613063,0.39244893
284,0.14680524,-4.5557,1.0197059,-0.10776038,-0.5074239,0.28806818,0.9482229,-1.3613063,0.39244893
285,0.94104517,-2.0599966,1.3955216,0.4648767,-0.7804959,0.1063059,0.8866144,-1.4243917,0.19626284
286,2.3937607,1.5218536,0.3590582,0.4648767,-0.7804959,0.1063059,0.8866144,-1.4243917,0.19626284
287,3.007079,2.326619,-0.5731411,0.4648767,-0.7804959,0.1063059,0.8866144,-1.4243917,0.19626284
288,3.2430017,2.4822245,-1.7648104,-0.7454029,2.3973186,-1.6112798,0.7369938,-1.2942779,0.2776083
289,1.2117153,0.84810895,-3.4241512,-0.7454029,2.3973186,-1.6112798,0.7369938,-1.2942779,0.2776083
290,-1.7870562,-1.6837461,-2.3501012,-0.7454029,2.3973186,-1.6112798,0.7369938,-1.2942779,0.2776083
291,-2.8235986,-2.5471175,-1.8199171,-0.7454029,2.3973186,-1.6112798,0.55803585,-1.2430209,0.6364853
292,-1.3143715,-0.026991041,-0.046318684,-0.7134597,1.1563139,0.042788498,0.55803585,-1.2430209,0.6364853
293,-0.17966248,0.87248266,-0.38552007,-0.7134597,1.1563139,0.042788498,0.55803585,-1.2430209,0.6364853
294,0.59478706,1.1233906,-0.5074446,-0.7134597,1.1563139,0.042788498,0.4964274,-1.3337064,0.7991762
295,1.0180568,1.0768353,-0.9225164,-1.5754164,0.38714206,-0.54843605,0.4964274,-1.3337064,0.7991762
296,0.7698397,-0.118423365,-0.4982717,-1.5754164,0.38714206,-0.54843605,0.4964274,-1.3337064,0.7991762
297,0.3677773,-0.6268528,0.20837277,-1.5754164,0.38714206,-0.54843605,0.37614414,-1.3613063,0.9044468
298,0.21855956,-0.6265741,0.5087052,-1.1755165,1.347332,-1.0997921,0.37614414,-1.3613063,0.9044468
299,0.39981413,0.26312163,0.7736195,-1.1755165,1.347332,-1.0997921,0.37614414,-1.3613063,0.9044468
300,0.5045636,0.4272911,0.57317406,-1.1755165,1.347332,-1.0997921,0.18251751,-1.3573635,1.1676233
301,0.6822724,0.4262136,0.30707237,-1.1755165,1.347332,-1.0997921,0.18251751,-1.3573635,1.1676233
302,0.11534344,0.23213433,-0.074388266,-0.5624926,1.142528,-1.1280454,0.18251751,-1.3573635,1.1676233
303,-0.18258551,0.18686092,-0.15074922,-0.5624926,1.142528,-1.1280454,-0.0023079184,-1.3297635,1.287249
304,-0.41640878,0.28845516,0.19008996,-0.5624926,1.142528,-1.1280454,-0.0023079184,-1.3297635,1.287249
305,-0.39783475,0.28227502,0.25372124,-0.4893489,1.1059862,-0.54320395,-0.0023079184,-1.3297635,1.287249
306,0.03429296,0.28952023,0.6529082,-0.4893489,1.1059862,-0.54320395,-0.13139234,-1.3534206,1.44994
307,-0.024715066,0.22200955,0.750145,-0.4893489,1.1059862,-0.54320395,-0.13139234,-1.3534206,1.44994
308,-0.22044556,0.11787641,0.5985072,0.14503819,0.9770985,-0.8037613,-0.13139234,-1.3534206,1.44994
309,-0.4684527,0.0994723,0.4056859,0.14503819,0.9770985,-0.8037613,-0.29274788,-1.3731347,1.5456405
310,-0.8689314,0.10024017,0.13956127,0.14503819,0.9770985,-0.8037613,-0.29274788,-1.3731347,1.5456405
311,-0.93304163,0.06034805,0.09118958,0.009669727,0.94071406,-0.7074911,-0.29274788,-1.3731347,1.5456405
312,-1.0440205,-0.14515641,0.41394675,-0.26106718,0.86794525,-0.51495075,-0.46583837,-1.317935,1.5839207
313,-0.8798249,-0.22240172,1.3083357,-0.26106718,0.86794525,-0.51495075,-0.46583837,-1.317935,1.5839207
314,-1.1031381,-0.8970999,1.6494042,-0.26106718,0.86794525,-0.51495075,-0.46583837,-1.317935,1.5839207
315,-1.503188,-1.4508213,2.145002,1.1582671,0.608659,-0.006288366,-0.5831878,-1.1838783,1.5456405
316,-1.592097,-1.3758795,2.3127997,1.1582671,0.608659,-0.006288366,-0.5831878,-1.1838783,1.5456405
317,-1.2126385,-0.7415441,0.87440723,1.1582671,0.608659,-0.006288366,-0.5831878,-1.1838783,1.5456405
318,-1.022909,-0.42437643,0.15521094,2.590114,0.014264626,1.2464799,-0.5567842,-0.8763364,1.1819783
319,-0.42815566,-0.118082784,-1.3966188,2.590114,0.014264626,1.2464799,-0.5567842,-0.8763364,1.1819783
320,-0.34953305,-0.8146343,-1.4620514,2.590114,0.014264626,1.2464799,-0.5567842,-0.8763364,1.1819783
321,-0.47017774,-1.1256404,-1.4560968,0.9718981,0.28412628,2.1236894,-0.43356726,-0.7225655,0.88052166
322,-0.5001336,-1.1355857,-0.007676397,0.9718981,0.28412628,2.1236894,-0.43356726,-0.7225655,0.88052166
323,0.12077874,-1.0050724,0.488776,0.9718981,0.28412628,2.1236894,-0.43356726,-0.7225655,0.88052166
324,0.504947,-0.8997751,0.35949415,0.9718981,0.28412628,2.1236894,-0.25167558,-0.734394,0.6747655
325,0.5920763,-0.36069274,-0.10661121,0.82133794,-0.2941217,1.7815118,-0.25167558,-0.734394,0.6747655
326,0.5845737,-0.28656846,-0.13828915,0.82133794,-0.2941217,1.7815118,-0.25167558,-0.734394,0.6747655
327,0.44177693,0.031255662,-0.23697156,0.82133794,-0.2941217,1.7815118,-0.0961875,-0.67919415,0.42594412
328,0.33903998,0.19902919,-0.40156844,0.7234739,-0.72195345,1.2136225,-0.0961875,-0.67919415,0.42594412
329,0.39876908,0.28429377,-0.5274886,0.7234739,-0.72195345,1.2136225,-0.0961875,-0.67919415,0.42594412
330,0.5437472,0.3740108,-0.58726484,0.7234739,-0.72195345,1.2136225,0.041698135,-0.67130846,0.20104787
331,0.8222487,0.7974295,-0.6758965,0.32276016,-1.4884814,0.4875149,0.041698135,-0.67130846,0.20104787
332,0.9273952,1.0638682,-0.80233294,0.32276016,-1.4884814,0.4875149,0.041698135,-0.67130846,0.20104787
333,0.9822138,1.122276,-0.80745006,0.32276016,-1.4884814,0.4875149,0.16198136,-0.67130846,-0.042988505
334,1.2141933,1.1286479,-1.019822,0.32276016,-1.4884814,0.4875149,0.16198136,-0.67130846,-0.042988505
335,1.3508838,1.129967,-0.9233426,-0.4296335,-1.5274782,-0.2683107,0.16198136,-0.67130846,-0.042988505
336,1.2764598,1.2349671,-0.9098499,-0.4296335,-1.5274782,-0.2683107,0.18838498,-0.6042801,-0.1865393
337,1.0140681,1.5078212,-0.29524475,-0.4296335,-1.5274782,-0.2683107,0.18838498,-0.6042801,-0.1865393
338,0.40555066,1.3889499,0.46858287,-1.1344177,-0.78625566,-0.9403184,0.18838498,-0.6042801,-0.1865393
339,0.15412991,1.287207,0.73567134,-1.1344177,-0.78625566,-0.9403184,0.13557772,-0.5254232,-0.10997888
340,-1.5666502,0.051269833,1.7085896,-1.1344177,-0.78625566,-0.9403184,0.13557772,-0.5254232,-0.10997888
341,-2.5467675,-1.0054439,1.7014645,-0.43075252,-0.2936496,0.35985225,0.13557772,-0.5254232,-0.10997888
342,-2.0747168,-0.49924386,1.6561505,-0.43075252,-0.2936496,0.35985225,0.18838498,-0.5254232,-0.13390401
343,-1.3255614,0.2707446,1.4257251,-0.43075252,-0.2936496,0.35985225,0.18838498,-0.5254232,-0.13390401
344,-0.2358707,0.54380924,-0.21755862,-0.43075252,-0.2936496,0.35985225,0.18838498,-0.5254232,-0.13390401
345,-0.2358707,0.54380924,-0.21755862,0.25917906,-0.16702802,0.6986814,0.25586092,-0.54513747,-0.26309973
346,0.98499763,-3.6490488,-0.48070022,0.25917906,-0.16702802,0.6986814,0.25586092,-0.54513747,-0.26309973
347,0.82369995,-4.026531,0.5289557,0.25917906,-0.16702802,0.6986814,0.25586092,-0.54513747,-0.26309973
348,0.61625457,0.26785886,-0.28770676,0.7702696,-0.7241252,0.0107682,0.29106578,-0.4859948,-0.37315536
349,1.0528866,0.9319059,-0.56242496,0.7702696,-0.7241252,0.0107682,0.29106578,-0.4859948,-0.37315536
350,2.316927,2.3249967,-1.9508626,0.7702696,-0.7241252,0.0107682,0.29106578,-0.4859948,-0.37315536
351,2.1126077,1.6846359,-2.675876,-1.0671742,1.6492976,-0.92619187,0.2851983,-0.43473783,-0.14825909
352,0.9791197,-0.2097566,-2.388927,-1.0671742,1.6492976,-0.92619187,0.2851983,-0.43473783,-0.14825909
353,-0.6714713,-1.9636348,-0.3257295,-1.0671742,1.6492976,-0.92619187,0.2851983,-0.43473783,-0.14825909
354,-1.3133218,-2.5351906,0.55775386,-0.46696833,0.32944945,-0.87251085,0.19425246,-0.3716523,0.047927007
355,-0.41074988,0.024592526,-0.21350853,-0.46696833,0.32944945,-0.87251085,0.19425246,-0.3716523,0.047927007
356,0.34468064,0.73978347,-0.43493873,-0.46696833,0.32944945,-0.87251085,0.19425246,-0.3716523,0.047927007
357,0.6751531,0.87749857,-0.49560413,-0.46696833,0.32944945,-0.87251085,0.13557772,-0.35588095,0.20583288
358,0.951683,0.55099875,-0.80719197,-1.1219049,0.46541893,-0.93717927,0.13557772,-0.35588095,0.20583288
359,0.74309665,0.14480142,-0.45372635,-1.1219049,0.46541893,-0.93717927,0.13557772,-0.35588095,0.20583288
360,0.31376648,-0.16507152,0.0031429853,-1.1219049,0.46541893,-0.93717927,0.0064932927,-0.26913837,0.4211591
361,-0.2576302,-0.16219819,0.3131762,-0.88578993,1.0477271,-1.260103,0.0064932927,-0.26913837,0.4211591
362,-0.1348999,0.28077027,0.22176218,-0.88578993,1.0477271,-1.260103,0.0064932927,-0.26913837,0.4211591
363,0.025215859,0.48153743,0.21307111,-0.88578993,1.0477271,-1.260103,-0.14606103,-0.24153845,0.69390565
364,0.2025959,0.37048107,-0.12249035,-0.7954539,0.7597362,-1.0590866,-0.14606103,-0.24153845,0.69390565
365,0.2025959,0.37048107,-0.12249035,-0.7954539,0.7597362,-1.0590866,-0.14606103,-0.24153845,0.69390565
366,-0.08097121,0.28853565,0.14266482,-0.7954539,0.7597362,-1.0590866,-0.33968768,-0.22576706,0.8087463
367,-0.11014664,0.20833652,0.4968647,-0.7954539,0.7597362,-1.0590866,-0.33968768,-0.22576706,0.8087463
368,-0.08049203,0.11721382,0.79005504,-0.63878995,0.71035284,-1.04203,-0.33968768,-0.22576706,0.8087463
369,-0.16278838,0.092115596,0.8398609,-0.63878995,0.71035284,-1.04203,-0.47170585,-0.2454813,0.93794197
370,-0.4456162,0.32139927,0.5437449,-0.63878995,0.71035284,-1.04203,-0.47170585,-0.2454813,0.93794197
371,-0.4456162,0.32139927,0.5437449,0.036899406,1.0286536,-0.7461039,-0.47170585,-0.2454813,0.93794197
372,-0.9054407,0.36786163,-0.24709105,0.036899406,1.0286536,-0.7461039,-0.60665774,-0.20999569,1.0336425
373,-0.98898286,0.3785251,-0.39576864,0.036899406,1.0286536,-0.7461039,-0.60665774,-0.20999569,1.0336425
374,-0.74722797,0.2668557,0.27960515,-0.16299967,0.74028504,-0.39670584,-0.60665774,-0.20999569,1.0336425
375,-0.74722797,0.2668557,0.27960515,-0.16299967,0.74028504,-0.39670584,-0.6917361,-0.14296733,1.0432125
376,-0.754904,-0.37862623,0.8538814,-0.16299967,0.74028504,-0.39670584,-0.6917361,-0.14296733,1.0432125
377,-0.85371625,-0.5465793,0.862475,-0.16299967,0.74028504,-0.39670584,-0.6917361,-0.14296733,1.0432125
378,-1.3542029,-0.98036426,0.63461393,0.65012664,1.1360129,-0.20657222,-0.7592121,-0.060167603,0.9570821
379,-1.8396705,-0.8358405,0.7983847,0.65012664,1.1360129,-0.20657222,-0.7592121,-0.060167603,0.9570821
380,-1.7748494,-0.75201696,1.054064,0.65012664,1.1360129,-0.20657222,-0.7592121,-0.060167603,0.9570821
381,-1.4836098,-0.66168565,1.3345809,1.5911275,-0.49439344,1.0626246,-0.65359753,0.06994626,0.6891206
382,-0.6040753,-0.4562183,0.9469763,1.5911275,-0.49439344,1.0626246,-0.65359753,0.06994626,0.6891206
383,-0.28797847,-0.4173913,0.475421,1.5911275,-0.49439344,1.0626246,-0.65359753,0.06994626,0.6891206
384,0.6169847,-0.7271899,-0.5566883,1.6052679,0.48260394,1.738818,-0.3954287,0.17640306,0.30153343
385,0.63802314,-0.90681595,-0.50298727,1.6052679,0.48260394,1.738818,-0.3954287,0.17640306,0.30153343
386,0.3663215,-0.76633894,-0.14610252,1.6052679,0.48260394,1.738818,-0.3954287,0.17640306,0.30153343
387,0.26478022,-0.68869734,-0.019952893,1.0076052,0.42481694,1.8093464,-0.10792245,0.20794581,0.07185214
388,0.033676866,-0.5069845,0.5032783,1.0076052,0.42481694,1.8093464,-0.10792245,0.20794581,0.07185214
389,0.11875248,-0.51958,0.33951905,1.0076052,0.42481694,1.8093464,-0.10792245,0.20794581,0.07185214
390,0.478131,-0.45891824,0.027087893,1.0076052,0.42481694,1.8093464,0.13557772,0.097546175,-0.13868904
391,0.7030826,-0.04951936,-0.27770773,0.79112417,-0.16391204,1.3511213,0.13557772,0.097546175,-0.13868904
392,0.47274587,0.3506155,-0.4057218,0.79112417,-0.16391204,1.3511213,0.13557772,0.097546175,-0.13868904
393,0.3934205,0.44813508,-0.4099325,0.79112417,-0.16391204,1.3511213,0.34387305,0.02263213,-0.3444452
394,0.6557119,0.43739724,-0.52396625,0.5556197,-0.84838617,0.9949217,0.34387305,0.02263213,-0.3444452
395,0.8110221,0.5003255,-0.6345695,0.5556197,-0.84838617,0.9949217,0.34387305,0.02263213,-0.3444452
396,0.8829817,0.59140486,-0.8430404,0.5556197,-0.84838617,0.9949217,0.4758912,-0.028624848,-0.55020136
397,0.99850607,1.0817026,-0.9267846,-0.25882915,-1.0525293,0.16427729,0.4758912,-0.028624848,-0.55020136
398,1.1014711,1.4303653,-1.0003173,-0.25882915,-1.0525293,0.16427729,0.4758912,-0.028624848,-0.55020136
399,1.1902205,1.5119393,-1.001872,-0.25882915,-1.0525293,0.16427729,0.5404334,-0.06411045,-0.61719173
400,1.2601949,1.5027062,-0.9627535,-0.25882915,-1.0525293,0.16427729,0.5404334,-0.06411045,-0.61719173
401,1.2228323,1.4620401,-0.6288271,-1.4118347,-0.8258191,-0.5045912,0.5404334,-0.06411045,-0.61719173
402,1.1538435,1.4236774,-0.42927662,-1.4118347,-0.8258191,-0.5045912,0.5463009,-0.044396225,-0.52627623
403,0.5065078,0.88485533,0.67505753,-1.4118347,-0.8258191,-0.5045912,0.5463009,-0.044396225,-0.52627623
404,-0.60615635,-0.020919282,1.9239215,-1.0056278,-0.9573506,-0.8776382,0.5463009,-0.044396225,-0.52627623
405,-1.8804833,-1.1314738,3.2443109,-1.0056278,-0.9573506,-0.8776382,0.5140298,0.026574973,-0.45928583
406,-2.1462612,-1.7007754,3.2381723,-1.0056278,-0.9573506,-0.8776382,0.5140298,0.026574973,-0.45928583
407,-1.0746152,-0.29008582,2.334817,0.8301884,0.22284558,0.739701,0.5140298,0.026574973,-0.45928583
408,-0.6851531,0.4873708,1.3389523,0.8301884,0.22284558,0.739701,0.6079094,-0.03256769,-0.5597714
409,-0.19312753,1.0506781,-0.7100929,0.8301884,0.22284558,0.739701,0.6079094,-0.03256769,-0.5597714
410,0.18967165,0.4998177,-1.0960281,0.8301884,0.22284558,0.739701,0.6079094,-0.03256769,-0.5597714
411,0.44947127,-2.759421,-0.27837893,-0.7520153,0.33841965,-0.0656201,0.690054,-0.052281916,-0.60283667
412,-0.51795006,-4.454632,1.16528,-0.7520153,0.33841965,-0.0656201,0.690054,-0.052281916,-0.60283667
413,0.41179374,-0.81351346,0.6315161,-0.7520153,0.33841965,-0.0656201,0.690054,-0.052281916,-0.60283667
414,1.86194,1.4101902,-0.15697928,0.030999076,0.6736222,0.39930212,0.76339746,-0.08776751,-0.69375217
415,3.5335784,3.0172565,-0.538853,0.030999076,0.6736222,0.39930212,0.76339746,-0.08776751,-0.69375217
416,2.6089916,1.7102419,-3.1023061,0.030999076,0.6736222,0.39930212,0.76339746,-0.08776751,-0.69375217
417,-0.2622121,-1.0424503,-2.116171,-1.3426585,1.9515464,-1.2514176,0.66658413,-0.020739159,-0.29659492
418,-1.8018289,-2.8193152,-0.84462374,-1.3426585,1.9515464,-1.2514176,0.66658413,-0.020739159,-0.29659492
419,-2.0489368,-2.6825104,0.8378302,-1.3426585,1.9515464,-1.2514176,0.66658413,-0.020739159,-0.29659492
420,-0.7564283,-0.76884073,1.2487372,-0.47042713,0.5101755,-0.5786774,0.63137925,0.002917907,7.6737415e-05
421,1.5963079,0.9058974,-0.39356002,-0.47042713,0.5101755,-0.5786774,0.63137925,0.002917907,7.6737415e-05
422,1.8065736,0.50449926,-1.4232256,-0.47042713,0.5101755,-0.5786774,0.63137925,0.002917907,7.6737415e-05
423,1.8065736,0.50449926,-1.4232256,-0.47042713,0.5101755,-0.5786774,0.4993611,0.08177479,0.3111035
424,0.86365014,-0.5603639,-1.1963397,-1.0177335,1.0572639,-1.4475158,0.4993611,0.08177479,0.3111035
425,-0.42684588,-0.65666974,-0.09615897,-1.0177335,1.0572639,-1.4475158,0.4993611,0.08177479,0.3111035
426,-0.8540996,-0.49578843,0.576203,-1.0177335,1.0572639,-1.4475158,0.27933082,0.12908892,0.7178308
427,-0.40377662,0.3672362,0.47651097,-0.53349966,2.1148043,-0.6500429,0.27933082,0.12908892,0.7178308
428,0.36302653,0.5976221,0.18373372,-0.53349966,2.1148043,-0.6500429,0.27933082,0.12908892,0.7178308
429,0.48723093,0.43622687,0.06909187,-0.53349966,2.1148043,-0.6500429,0.06810177,0.15668884,1.0049324
430,0.35494888,0.21239881,0.008650198,-0.25720143,1.4155056,-0.86780196,0.06810177,0.15668884,1.0049324
431,0.08227064,0.08295069,-0.0035230385,-0.25720143,1.4155056,-0.86780196,0.06810177,0.15668884,1.0049324
432,-0.321713,0.35948315,0.24102022,-0.25720143,1.4155056,-0.86780196,-0.1196574,0.20006013,1.1963334
433,-0.321713,0.35948315,0.24102022,-0.25720143,1.4155056,-0.86780196,-0.1196574,0.20006013,1.1963334
434,-0.19627646,0.3407075,0.5900284,-0.36747658,1.5538357,-0.62262684,-0.1196574,0.20006013,1.1963334
435,-0.16632064,0.25994486,0.60466844,-0.36747658,1.5538357,-0.62262684,-0.30448282,0.16063169,1.3255292
436,-0.37022007,0.037646327,0.35877132,-0.36747658,1.5538357,-0.62262684,-0.30448282,0.16063169,1.3255292
437,-0.5771725,0.21049152,0.44384056,0.007194303,1.0790757,-0.7252801,-0.30448282,0.16063169,1.3255292
438,-1.0059596,0.23880365,0.43008974,0.007194303,1.0790757,-0.7252801,-0.4834408,0.19611728,1.4020897
439,-1.03932,0.10544186,0.45866987,0.007194303,1.0790757,-0.7252801,-0.4834408,0.19611728,1.4020897
440,-0.90095,-0.20262285,0.9101468,-0.12719077,1.1600907,-0.17664474,-0.4834408,0.19611728,1.4020897
441,-0.08195696,-0.5530443,1.8274764,-0.12719077,1.1600907,-0.17664474,-0.6095915,0.21188866,1.4547249
442,-0.24712467,-0.96816504,1.8642831,-0.12719077,1.1600907,-0.17664474,-0.6095915,0.21188866,1.4547249
443,-0.32970852,-1.1757255,1.8826863,1.5343622,1.1715161,0.107247666,-0.6095915,0.21188866,1.4547249
444,-1.013832,-0.99522626,1.5288132,1.5343622,1.1715161,0.107247666,-0.71813977,0.35383105,1.2633239
445,-1.1315331,-0.75906897,1.3329631,1.5343622,1.1715161,0.107247666,-0.71813977,0.35383105,1.2633239
446,-1.0177886,-0.09415494,0.4960616,1.5343622,1.1715161,0.107247666,-0.71813977,0.35383105,1.2633239
447,-0.9422693,-0.06883999,0.13676177,2.3342638,0.55342144,1.4730288,-0.6359951,0.56280184,0.7465409
448,-0.119333275,-1.1280742,-0.6010845,2.3342638,0.55342144,1.4730288,-0.6359951,0.56280184,0.7465409
449,0.46459976,-1.60834,-0.3150363,2.3342638,0.55342144,1.4730288,-0.6359951,0.56280184,0.7465409
450,0.7062041,-1.6535017,-0.10011727,1.683905,0.8816366,1.912209,-0.37489253,0.6613729,0.34459868
451,0.85471445,-1.2484874,0.72977406,1.683905,0.8816366,1.912209,-0.37489253,0.6613729,0.34459868
452,0.89354205,-0.7417671,0.81646675,1.683905,0.8816366,1.912209,-0.37489253,0.6613729,0.34459868
453,0.90340865,-0.61204654,0.7529158,1.8150347,0.7963724,1.470308,-0.12552488,0.65743005,-0.03341845
454,0.6796984,-0.43262485,0.3770369,1.8150347,0.7963724,1.470308,-0.12552488,0.65743005,-0.03341845
455,0.6210555,-0.38348114,0.16936907,1.8150347,0.7963724,1.470308,-0.12552488,0.65743005,-0.03341845
456,0.64299756,-0.26015124,-0.031254157,1.8150347,0.7963724,1.470308,0.05636682,0.60223025,-0.47842595
457,0.7305193,0.026784671,-0.25406685,1.8629495,0.20329998,0.82822764,0.05636682,0.60223025,-0.47842595
458,0.8015891,0.3763701,-0.46218222,1.8629495,0.20329998,0.82822764,0.05636682,0.60223025,-0.47842595
459,0.81970215,0.5313623,-0.59039706,1.8629495,0.20329998,0.82822764,0.15904762,0.5154877,-0.842088
460,0.8382397,0.9459381,-0.7777628,1.2691525,-0.2798638,0.023534462,0.15904762,0.5154877,-0.842088
461,0.7043969,1.1503527,-0.8937527,1.2691525,-0.2798638,0.023534462,0.15904762,0.5154877,-0.842088
462,0.5719917,1.3631705,-0.9805143,1.2691525,-0.2798638,0.023534462,0.18545125,0.5154877,-1.0909094
463,0.5548095,1.5254079,-1.0753244,-0.02810594,-0.502325,-0.40832105,0.18545125,0.5154877,-1.0909094
464,0.6931612,1.6625102,-1.085966,-0.02810594,-0.502325,-0.40832105,0.18545125,0.5154877,-1.0909094
465,0.80354685,1.724206,-0.7935616,-0.02810594,-0.502325,-0.40832105,0.17665003,0.5273162,-1.0765543
466,0.86658,1.7674359,-0.52131593,-0.02810594,-0.502325,-0.40832105,0.17665003,0.5273162,-1.0765543
467,0.32930845,1.5964633,-0.00070518267,-1.2503896,-0.37239859,-0.7754035,0.17665003,0.5273162,-1.0765543
468,-0.18080568,1.3679448,1.1631343,-1.2503896,-0.37239859,-0.7754035,0.09743914,0.5746303,-0.8803682
469,-1.7586064,-0.049928065,2.5575438,-1.2503896,-0.37239859,-0.7754035,0.09743914,0.5746303,-0.8803682
470,-1.8980626,-0.9860676,2.8435576,-0.11416936,0.089614384,0.21617948,0.09743914,0.5746303,-0.8803682
471,-1.5728749,-1.2120259,2.751105,-0.11416936,0.089614384,0.21617948,0.11210783,0.5430876,-0.90907836
472,-0.42120522,-0.29059976,1.6597129,-0.11416936,0.089614384,0.21617948,0.11210783,0.5430876,-0.90907836
473,0.0858668,-0.1404625,0.783412,0.5504315,-0.9959698,0.20226216,0.11210783,0.5430876,-0.90907836
474,0.38361773,-0.6583788,-0.15825282,0.5504315,-0.9959698,0.20226216,0.14437893,0.48000208,-1.0909094
475,1.1668774,-3.2477498,0.89500195,0.5504315,-0.9959698,0.20226216,0.14437893,0.48000208,-1.0909094
476,0.6720726,-2.4355223,1.0745372,0.5504315,-0.9959698,0.20226216,0.14437893,0.48000208,-1.0909094
477,0.51472235,-1.1334802,0.17820355,1.147382,0.96425694,-0.28871578,0.15611388,0.42480224,-1.200965
478,2.2693462,2.335685,-1.3290635,1.147382,0.96425694,-0.28871578,0.15611388,0.42480224,-1.200965
479,2.7283585,2.6077464,-1.3898495,1.147382,0.96425694,-0.28871578,0.15611388,0.42480224,-1.200965
480,1.270518,1.0195422,-2.7292616,-0.5832455,2.999739,-1.3050988,0.062234297,0.45240217,-0.8325179
481,0.64400154,0.35273334,-2.3977616,-0.5832455,2.999739,-1.3050988,0.062234297,0.45240217,-0.8325179
482,-2.1206958,-2.6519938,-1.1652468,-0.5832455,2.999739,-1.3050988,0.062234297,0.45240217,-0.8325179
483,-2.876528,-3.4875484,-0.8804895,-0.49535093,1.4293859,-0.5811888,-0.1196574,0.44845933,-0.5454163
484,-1.185941,0.30936104,-0.47078723,-0.49535093,1.4293859,-0.5811888,-0.1196574,0.44845933,-0.5454163
485,0.022742357,1.1507738,-0.59776294,-0.49535093,1.4293859,-0.5811888,-0.1196574,0.44845933,-0.5454163
486,0.7556285,1.330084,-0.65400535,-1.2116305,0.36561355,-0.9620839,-0.20766951,0.41691658,-0.2726698
487,1.0835907,0.5553397,-0.84964913,-1.2116305,0.36561355,-0.9620839,-0.20766951,0.41691658,-0.2726698
488,0.6827743,-0.27814665,-0.46095458,-1.2116305,0.36561355,-0.9620839,-0.20766951,0.41691658,-0.2726698
489,0.5215678,-0.4314359,-0.30016685,-1.2116305,0.36561355,-0.9620839,-0.36022383,0.41691658,0.06706712
490,0.047052935,-0.19109863,0.4721511,-1.2000333,1.4567686,-1.277892,-0.36022383,0.41691658,0.06706712
491,0.070587695,0.11153529,0.6442286,-1.2000333,1.4567686,-1.277892,-0.36022383,0.41691658,0.06706712
492,0.25479952,0.4082306,0.5027161,-1.2000333,1.4567686,-1.277892,-0.5685192,0.38931665,0.32545856
493,0.3384102,0.49004593,0.38451755,-0.5473349,1.6767749,-1.0312519,-0.5685192,0.38931665,0.32545856
494,0.06389737,0.46750522,0.023450838,-0.5473349,1.6767749,-1.0312519,-0.5685192,0.38931665,0.32545856
495,-0.021497691,0.45526883,-0.016132265,-0.5473349,1.6767749,-1.0312519,-0.79735065,0.35383105,0.44986925
496,-0.25416183,0.31668058,-0.035407513,-0.6132558,1.2610292,-1.2896117,-0.79735065,0.35383105,0.44986925
497,-0.29434022,0.29405317,0.31599864,-0.6132558,1.2610292,-1.2896117,-0.79735065,0.35383105,0.44986925
498,-0.32087788,0.38824114,0.40401652,-0.6132558,1.2610292,-1.2896117,-0.98804355,0.29863125,0.6173452
499,-0.52891195,0.4124291,0.4662825,-0.6132558,1.2610292,-1.2896117,-0.98804355,0.29863125,0.6173452
500,-0.96576303,0.28608343,0.4436513,-0.4543538,0.76360756,-1.4825708,-0.98804355,0.29863125,0.6173452
501,-1.3256025,0.07050995,0.62306595,-0.4543538,0.76360756,-1.4825708,-1.1904714,0.2237172,0.6795505
502,-1.4414142,-0.11175404,0.69163084,-0.4543538,0.76360756,-1.4825708,-1.1904714,0.2237172,0.6795505
503,-1.4746011,-0.18097384,0.54071593,-0.0050132745,0.28412628,-0.63738126,-1.1904714,0.2237172,0.6795505
504,-1.3546411,-0.37848997,0.7100972,-0.0050132745,0.28412628,-0.63738126,-1.2872847,0.16457453,0.6221302
505,-1.3546411,-0.37848997,0.7100972,-0.0050132745,0.28412628,-0.63738126,-1.2872847,0.16457453,0.6221302
506,-1.7313341,-1.2150354,1.0411496,0.616861,0.19272459,0.22235332,-1.2872847,0.16457453,0.6221302
507,-1.7674782,-1.1267551,1.1136556,0.616861,0.19272459,0.22235332,-1.2872847,0.15274599,0.4594393
508,-1.6857523,-0.87548804,1.8221757,0.616861,0.19272459,0.22235332,-1.2872847,0.15274599,0.4594393
509,-0.9348215,-0.31339437,1.9945172,0.616861,0.19272459,0.22235332,-1.2872847,0.15274599,0.4594393
510,-0.20766734,-0.2168656,-0.58069056,2.6091378,-0.421121,1.5207452,-1.1229955,0.18428876,0.047927007
511,-0.067636214,-0.43823525,-0.91087097,2.6091378,-0.421121,1.5207452,-1.1229955,0.18428876,0.047927007
512,0.31910595,-1.515248,-1.2983838,2.6091378,-0.421121,1.5207452,-1.1229955,0.18428876,0.047927007
513,0.3635468,-1.7268087,-0.39230946,1.6164582,-0.12415986,2.1253638,-0.8648266,0.17640306,-0.36837032
514,0.3635468,-1.7268087,-0.39230946,1.6164582,-0.12415986,2.1253638,-0.8648266,0.17640306,-0.36837032
515,0.27471074,-1.1494197,0.5618957,1.6164582,-0.12415986,2.1253638,-0.8648266,0.17640306,-0.36837032
516,0.41116396,-0.9742337,0.36610278,1.4907202,0.38421494,2.3784914,-0.62132645,0.06994626,-0.64590186
517,0.49971706,-0.8145786,-0.14644672,1.4907202,0.38421494,2.3784914,-0.62132645,0.06994626,-0.64590186
518,0.507959,-0.5101488,-0.4326498,1.4907202,0.38421494,2.3784914,-0.62132645,0.06994626,-0.64590186
519,0.477702,-0.2888349,-0.5740131,0.8856312,-0.4788136,1.4474962,-0.44236848,-0.04833907,-0.8085928
520,0.27701995,0.45469913,-0.5720282,0.8856312,-0.4788136,1.4474962,-0.44236848,-0.04833907,-0.8085928
521,0.47720915,0.57150835,-0.7290928,0.8856312,-0.4788136,1.4474962,-0.44236848,-0.04833907,-0.8085928
522,0.65888816,0.58497703,-0.89511806,0.8856312,-0.4788136,1.4474962,-0.41596484,-0.17845294,-0.88515323
523,1.1417682,0.86704564,-1.2165557,0.57566047,-1.6591986,0.70244855,-0.41596484,-0.17845294,-0.88515323
524,1.3945581,1.3941764,-1.270297,0.57566047,-1.6591986,0.70244855,-0.41596484,-0.17845294,-0.88515323
525,1.3945581,1.3941764,-1.270297,0.57566047,-1.6591986,0.70244855,-0.492242,-0.24942413,-0.88993824
526,1.5150385,1.7124093,-1.4714137,-0.589451,-1.5493844,-0.27061284,-0.492242,-0.24942413,-0.88993824
527,1.5382446,1.9121547,-1.2325038,-0.589451,-1.5493844,-0.27061284,-0.492242,-0.24942413,-0.88993824
528,1.5310022,1.9427333,-1.1722686,-0.589451,-1.5493844,-0.27061284,-0.56558543,-0.26519552,-0.7511725
529,1.3216949,1.8887842,-0.831613,-1.6481532,-0.46748278,-0.9910696,-0.56558543,-0.26519552,-0.7511725
530,0.25017196,0.9524031,1.1621706,-1.6481532,-0.46748278,-0.9910696,-0.56558543,-0.26519552,-0.7511725
531,-0.34512454,0.3420946,2.4566758,-1.6481532,-0.46748278,-0.9910696,-0.63892883,-0.28885257,-0.48321098
532,-3.1332333,-2.1581042,3.24524,-1.6481532,-0.46748278,-0.9910696,-0.63892883,-0.28885257,-0.48321098
533,-2.5026417,-1.9827511,2.3980582,0.13578078,-0.5059131,0.88285047,-0.63892883,-0.28885257,-0.48321098
534,-1.5121691,-0.7821051,2.162797,0.13578078,-0.5059131,0.88285047,-0.5714529,-0.34010956,-0.45928583
535,-0.19958967,0.6537138,0.87658715,0.13578078,-0.5059131,0.88285047,-0.5714529,-0.34010956,-0.45928583
536,0.15282927,0.83556914,-0.42077488,0.1208265,-1.8307657,0.6244906,-0.5714529,-0.34010956,-0.45928583
537,0.37632045,-1.265529,-0.13255821,0.1208265,-1.8307657,0.6244906,-0.547983,-0.33222386,-0.42100564
538,0.17660134,-2.9964578,0.57520485,0.1208265,-1.8307657,0.6244906,-0.547983,-0.33222386,-0.42100564
539,0.47355366,-2.335891,0.34441817,0.13781537,0.1525947,-0.013717914,-0.547983,-0.33222386,-0.42100564
540,0.88892365,-1.5505824,-0.045492597,0.13781537,0.1525947,-0.013717914,-0.53918177,-0.29673827,-0.2726698
541,2.4525678,1.2364905,0.14149453,0.13781537,0.1525947,-0.013717914,-0.53918177,-0.29673827,-0.2726698
542,2.6278396,1.8493874,-1.5575557,0.13781537,0.1525947,-0.013717914,-0.53918177,-0.29673827,-0.2726698
543,2.4740355,1.8922769,-2.3153255,-0.6032863,1.5407109,-1.2529873,-0.659465,-0.28885257,-0.01906337
544,0.49213773,0.21772932,-3.2056837,-0.6032863,1.5407109,-1.2529873,-0.659465,-0.28885257,-0.01906337
545,-0.41987717,-0.9667656,-2.8105268,-0.6032863,1.5407109,-1.2529873,-0.659465,-0.28885257,-0.01906337
546,-1.4490539,-0.6106718,0.38706464,-0.9699205,1.1031536,-0.64428765,-0.8648266,-0.30462396,0.2823933
547,-0.7512668,-0.0035028632,0.07950395,-0.9699205,1.1031536,-0.64428765,-0.8648266,-0.30462396,0.2823933
548,0.48028505,0.75696766,-0.48861682,-0.9699205,1.1031536,-0.64428765,-0.8648266,-0.30462396,0.2823933
549,0.97556007,0.8276737,-0.7467675,-1.2382838,0.34134677,-0.96323496,-0.9645737,-0.35588095,0.588635
550,1.0178194,0.55587226,-0.7490622,-1.2382838,0.34134677,-0.96323496,-0.9645737,-0.35588095,0.588635
551,0.72619295,0.1372218,-0.6118408,-1.2382838,0.34134677,-0.96323496,-0.9645737,-0.35588095,0.588635
552,0.41343665,-0.14552796,-0.473472,-1.2863002,0.6761244,-1.2249433,-1.1317967,-0.46628058,0.8613816
553,-0.14466155,-0.117835075,0.13049732,-1.3343167,1.010902,-1.4866518,-1.1317967,-0.46628058,0.8613816
554,-0.20034267,0.39145508,0.26678365,-1.3343167,1.010902,-1.4866518,-1.1317967,-0.46628058,0.8613816
555,-0.18548799,0.60296005,0.22442973,-1.3343167,1.010902,-1.4866518,-1.3782306,-0.5885087,1.1006329
556,0.13728091,0.55417556,-0.07237469,-1.0751091,0.7805093,-1.2766362,-1.3782306,-0.5885087,1.1006329
557,0.21220694,0.42214513,-0.113627166,-1.0751091,0.7805093,-1.2766362,-1.3782306,-0.5885087,1.1006329
558,0.22740392,0.28587908,0.4035863,-1.0751091,0.7805093,-1.2766362,-1.5659897,-0.71073693,1.3159592
559,0.22740392,0.28587908,0.4035863,-0.9480486,0.64378446,-1.577376,-1.5659897,-0.71073693,1.3159592
560,-0.2810235,0.29065347,0.5345719,-0.9480486,0.64378446,-1.577376,-1.5659897,-0.71073693,1.3159592
561,-0.43751112,0.26332596,0.4923557,-0.9480486,0.64378446,-1.577376,-1.797755,-0.8921078,1.44994
562,-0.8174899,0.06130479,0.3830805,-0.72841394,0.684292,-1.2666953,-1.797755,-0.8921078,1.44994
563,-1.139474,0.14210768,0.53391796,-0.72841394,0.684292,-1.2666953,-1.797755,-0.8921078,1.44994
564,-1.258065,0.16297023,0.6419798,-0.72841394,0.684292,-1.2666953,-2.0001829,-1.0774214,1.5312854
565,-1.4457406,0.04600621,0.80162024,-0.72841394,0.684292,-1.2666953,-2.0001829,-1.0774214,1.5312854
566,-1.7669853,-0.16046429,0.4217945,0.037509784,0.28327647,-0.4284122,-2.0001829,-1.0774214,1.5312854
567,-1.8109607,-0.38224265,0.3544688,0.037509784,0.28327647,-0.4284122,-2.096996,-1.1050214,1.5887057
568,-1.4097244,-1.206948,0.5390752,0.037509784,0.28327647,-0.4284122,-2.096996,-1.1050214,1.5887057
569,-1.6584799,-1.0964366,0.7194709,0.40617862,-0.08563517,0.31328678,-2.096996,-1.1050214,1.5887057
570,-1.732621,-0.9638861,1.02733,0.40617862,-0.08563517,0.31328678,-2.1233997,-1.0103931,1.7322565
571,-1.7215861,-0.94621885,1.2764798,0.40617862,-0.08563517,0.31328678,-2.1233997,-1.0103931,1.7322565
572,-1.192499,-0.7659426,2.0585816,2.3332467,-0.88200086,1.3610622,-2.1233997,-1.0103931,1.7322565
573,0.1602087,-0.2416852,0.10743585,2.3332467,-0.88200086,1.3610622,-2.0001829,-0.5254232,1.7705368
574,0.25485155,-0.49729693,-0.4420465,2.3332467,-0.88200086,1.3610622,-2.0001829,-0.5254232,1.7705368
575,0.3968158,-0.88071454,-1.2662699,1.7204261,-0.30460268,2.0271056,-2.0001829,-0.5254232,1.7705368
576,0.3962408,-1.8304341,-1.3684975,1.7204261,-0.30460268,2.0271056,-1.8388273,0.06600342,1.6700512
577,0.21624123,-1.2125708,0.021649517,1.7204261,-0.30460268,2.0271056,-1.8388273,0.06600342,1.6700512
578,0.21320184,-1.0714561,0.45529673,1.7204261,-0.30460268,2.0271056,-1.8388273,0.06600342,1.6700512
579,0.3380953,-0.92305267,0.35976952,1.4959084,0.42774403,2.4642975,-1.5219837,0.6061731,1.3925196
580,0.61004794,-0.80888146,0.027799241,1.4959084,0.42774403,2.4642975,-1.5219837,0.6061731,1.3925196
581,0.7622549,-0.5354514,-0.25053307,1.4959084,0.42774403,2.4642975,-1.5219837,0.6061731,1.3925196
582,0.42600495,0.15609655,-0.6612336,1.11727,-0.08421882,1.4118134,-1.1846039,1.0556574,1.105418
583,0.42600495,0.15609655,-0.6612336,1.11727,-0.08421882,1.4118134,-1.1846039,1.0556574,1.105418
584,0.51862884,0.47795817,-0.8508768,1.11727,-0.08421882,1.4118134,-1.1846039,1.0556574,1.105418
585,0.61055905,0.4988517,-0.9326015,0.7186926,-1.2765956,0.74179375,-0.84429044,1.2803994,0.6891206
586,1.0577058,0.86544174,-1.2519855,0.7186926,-1.2765956,0.74179375,-0.84429044,1.2803994,0.6891206
587,1.1959296,1.1504394,-1.3127943,0.7186926,-1.2765956,0.74179375,-0.84429044,1.2803994,0.6891206
588,1.2838804,1.3758961,-1.3349379,0.7186926,-1.2765956,0.74179375,-0.61545897,1.3750278,0.46900937
589,1.4968432,1.6737865,-1.3202233,-0.4103048,-1.4658198,-0.27071744,-0.61545897,1.3750278,0.46900937
590,1.5171195,1.7877967,-1.224828,-0.4103048,-1.4658198,-0.27071744,-0.61545897,1.3750278,0.46900937
591,1.4815229,1.8281844,-1.1988409,-0.4103048,-1.4658198,-0.27071744,-0.5333143,1.394742,0.5359997
592,1.0118775,1.6453073,-0.4338086,-1.4511026,-0.59674823,-0.9847911,-0.5333143,1.394742,0.5359997
593,0.14492045,0.9408479,1.6196135,-1.4511026,-0.59674823,-0.9847911,-0.5333143,1.394742,0.5359997
594,-0.21673074,0.62153757,2.5472004,-1.4511026,-0.59674823,-0.9847911,-0.6242602,1.4302276,0.8374564
595,-2.6526532,-1.3785919,2.9679518,-0.21996835,-0.095644034,0.7871036,-0.6242602,1.4302276,0.8374564
596,-2.8064575,-1.8135285,2.0387986,-0.21996835,-0.095644034,0.7871036,-0.6242602,1.4302276,0.8374564
597,-1.8906693,-0.968066,2.1923294,-0.21996835,-0.095644034,0.7871036,-0.41009736,1.5011988,0.770466
598,-0.5684514,0.22572508,1.2717643,-0.21996835,-0.095644034,0.7871036,-0.41009736,1.5011988,0.770466
599,-0.020963743,1.0835696,0.19179949,0.2293722,-1.7119812,0.7422123,-0.41009736,1.5011988,0.770466
600,0.2210787,0.4543771,-0.36652878,0.2293722,-1.7119812,0.7422123,-0.15486224,1.5327415,0.48814946
601,0.5834647,-3.057553,0.5637257,0.2293722,-1.7119812,0.7422123,-0.15486224,1.5327415,0.48814946
602,0.29021803,-3.3308284,0.5720038,0.061416287,0.08243822,-0.31979433,-0.15486224,1.5327415,0.48814946
603,0.79891926,-1.7213098,0.13693388,0.061416287,0.08243822,-0.31979433,-0.06391639,1.5524558,0.2967484
604,2.1343992,1.0545423,-0.01242637,0.061416287,0.08243822,-0.31979433,-0.06391639,1.5524558,0.2967484
605,2.5380542,1.519872,-0.21270539,-0.48171917,1.4971819,-0.9279708,-0.06391639,1.5524558,0.2967484
606,2.5631633,2.0844054,-2.1156888,-0.48171917,1.4971819,-0.9279708,-0.16953093,1.5958271,0.39244893
607,0.8011464,0.9241281,-3.3038015,-0.48171917,1.4971819,-0.9279708,-0.16953093,1.5958271,0.39244893
608,-2.0104926,-1.9291921,-0.5812757,-0.48171917,1.4971819,-0.9279708,-0.16953093,1.5958271,0.39244893
609,-1.899103,-1.5869386,-0.13985528,-1.0897583,1.3162668,-0.9333075,-0.3719588,1.5563986,0.75611097
610,-1.103672,-0.46346354,0.033776864,-1.0897583,1.3162668,-0.9333075,-0.3719588,1.5563986,0.75611097
611,0.13040347,0.61306626,-0.2747648,-1.0897583,1.3162668,-0.9333075,-0.3719588,1.5563986,0.75611097
612,1.1056241,0.8868244,-0.5887793,-1.149372,0.29753438,-0.71649027,-0.47170585,1.4814845,1.0527827
613,1.1452731,0.7474189,-0.58988076,-1.149372,0.29753438,-0.71649027,-0.47170585,1.4814845,1.0527827
614,0.90073436,0.004863211,-0.49520254,-1.149372,0.29753438,-0.71649027,-0.47170585,1.4814845,1.0527827
615,0.73881596,-0.22700895,-0.446762,-1.1833496,0.7951449,-1.3368051,-0.64332944,1.4105134,1.3240938
616,-0.108225346,-0.21696468,0.24703225,-1.1833496,0.7951449,-1.3368051,-0.66239876,1.4026277,1.3542393
617,-0.22291905,0.067122646,0.3567635,-1.1833496,0.7951449,-1.3368051,-0.66239876,1.4026277,1.3542393
618,-0.23907438,0.37100124,0.34834203,-0.85496587,1.2491319,-0.9567471,-0.93817,1.3316565,1.631771
619,0.035552528,0.53959215,0.10249657,-0.85496587,1.2491319,-0.9567471,-0.93817,1.3316565,1.631771
620,0.13703446,0.49950808,-0.11729291,-0.85496587,1.2491319,-0.9567471,-0.93817,1.3316565,1.631771
621,0.1296368,0.48971152,-0.17048916,-0.85496587,1.2491319,-0.9567471,-1.1963389,1.2251997,1.9093025
622,-0.005597925,0.47352436,0.035601128,-0.9337047,0.6147965,-1.3807546,-1.1963389,1.2251997,1.9093025
623,-0.07227745,0.4281642,0.3069691,-0.9337047,0.6147965,-1.3807546,-1.1963389,1.2251997,1.9093025
624,-0.14650983,0.31848258,0.5758072,-0.9337047,0.6147965,-1.3807546,-1.4750439,1.1069143,2.162909
625,-0.20947453,0.24827819,0.6669344,-0.74692875,0.68221474,-1.4856054,-1.4750439,1.1069143,2.162909
626,-0.78281075,0.14114165,0.4553541,-0.74692875,0.68221474,-1.4856054,-1.4750439,1.1069143,2.162909
627,-0.94191337,0.10708907,0.37370962,-0.74692875,0.68221474,-1.4856054,-1.7244115,0.98468614,2.2490394
628,-1.2904031,-0.20118618,0.592587,-0.21437323,0.40111667,-0.766509,-1.7244115,0.98468614,2.2490394
629,-1.338285,-0.23663211,0.6125507,-0.21437323,0.40111667,-0.766509,-1.7244115,0.98468614,2.2490394
630,-1.3622259,-0.25435504,0.6225325,-0.21437323,0.40111667,-0.766509,-1.8446947,0.9452577,2.2346842
631,-1.234982,-0.40806538,0.54281557,-0.21437323,0.40111667,-0.766509,-1.8446947,0.9452577,2.2346842
632,-1.5926629,-1.1137508,0.4691451,0.28471324,0.6070538,-0.11647587,-1.8446947,0.9452577,2.2346842
633,-1.9130541,-0.9813118,0.84955025,0.28471324,0.6070538,-0.11647587,-1.8358935,1.039886,2.1007035
634,-2.029934,-0.8343574,1.5019428,0.28471324,0.6070538,-0.11647587,-1.8358935,1.039886,2.1007035
635,-1.4593129,-0.73847264,1.975632,1.7551159,-0.61695486,1.2384225,-1.8358935,1.039886,2.1007035
636,-1.1840518,-0.6738353,1.8583169,1.7551159,-0.61695486,1.2384225,-1.4867789,1.3474278,1.5599955
637,0.21937189,-0.37957987,-0.4026584,1.7551159,-0.61695486,1.2384225,-1.4867789,1.3474278,1.5599955
638,0.44488934,-0.6751976,-1.2051971,1.8863474,-0.7047685,1.7749194,-1.4867789,1.3474278,1.5599955
639,0.56945884,-1.2663094,-1.4149302,1.8863474,-0.7047685,1.7749194,-1.0261822,1.5563986,0.8948768
640,0.19314913,-1.4326897,-0.4832129,1.8863474,-0.7047685,1.7749194,-1.0261822,1.5563986,0.8948768
641,0.11815008,-1.1972754,0.0489217,1.4992653,0.53812486,2.4363582,-1.0261822,1.5563986,0.8948768
642,0.2160678,-0.9529439,0.46161854,1.4992653,0.53812486,2.4363582,-0.5303806,1.6391983,0.2823933
643,0.5082511,-0.8016734,0.109363385,1.4992653,0.53812486,2.4363582,-0.5303806,1.6391983,0.2823933
644,0.7263435,-0.61565053,-0.14636067,1.4992653,0.53812486,2.4363582,-0.5303806,1.6391983,0.2823933
645,0.860775,-0.44072467,-0.31882253,1.2273415,-0.12076062,1.5453359,-0.084452555,1.5011988,-0.2583147
646,0.37967473,0.21429372,-0.61547786,1.2273415,-0.12076062,1.5453359,-0.084452555,1.5011988,-0.2583147
647,0.34904352,0.40588978,-0.6246221,1.2273415,-0.12076062,1.5453359,-0.084452555,1.5011988,-0.2583147
648,0.63303965,0.57227004,-0.82978874,0.8316127,-1.1015348,1.0121875,0.18838498,1.3079994,-0.6554719
649,0.92239803,0.67578393,-1.0741197,0.8316127,-1.1015348,1.0121875,0.18838498,1.3079994,-0.6554719
650,1.116093,0.8974756,-1.2980281,0.8316127,-1.1015348,1.0121875,0.18838498,1.3079994,-0.6554719
651,1.1423157,0.9720209,-1.3578961,-0.16350831,-1.4729016,0.062461108,0.29106578,1.1739427,-1.0430591
652,1.3730769,1.4034095,-1.340187,-0.16350831,-1.4729016,0.062461108,0.29106578,1.1739427,-1.0430591
653,1.451396,1.6178961,-1.3266858,-0.16350831,-1.4729016,0.062461108,0.29106578,1.1739427,-1.0430591
654,1.5676938,1.7676216,-1.1609788,-0.16350831,-1.4729016,0.062461108,0.23532479,1.1069143,-1.1052644
655,0.9844865,1.6906364,-0.3984018,-1.2800947,-0.8956923,-0.786914,0.23532479,1.1069143,-1.1052644
656,0.42684466,1.2303846,0.56421334,-1.2800947,-0.8956923,-0.786914,0.23532479,1.1069143,-1.1052644
657,-1.4327615,-0.43975866,3.3311183,-1.2800947,-0.8956923,-0.786914,0.103306614,1.1305714,-0.842088
658,-4.075226,-2.5289114,2.1661012,-0.29036537,-0.6609561,-0.14682192,0.103306614,1.1305714,-0.842088
659,-3.0021424,-1.8733853,2.1947904,-0.29036537,-0.6609561,-0.14682192,0.103306614,1.1305714,-0.842088
660,-1.9290588,-1.2178591,2.2234797,-0.29036537,-0.6609561,-0.14682192,0.20598741,1.0320003,-0.9521436
661,-0.16705994,0.6219463,0.86571044,0.32703283,-1.1418537,0.67471856,0.20598741,1.0320003,-0.9521436
662,0.13900141,0.96275073,0.047028597,0.32703283,-1.1418537,0.67471856,0.20598741,1.0320003,-0.9521436
663,0.10497937,0.61648446,-0.18114217,0.32703283,-1.1418537,0.67471856,0.2294573,0.9018864,-1.1531147
664,0.67570066,-1.9439799,-0.50083596,0.32703283,-1.1418537,0.67471856,0.2294573,0.9018864,-1.1531147
665,0.053487685,-3.2404673,1.1830808,-0.3317694,0.1396587,-0.31498083,0.2294573,0.9018864,-1.1531147
666,-0.03321715,-2.3359282,1.0711639,-0.3317694,0.1396587,-0.31498083,0.19425246,0.8230295,-1.2392452
667,1.7946625,1.3872284,-0.66035587,-0.3317694,0.1396587,-0.31498083,0.19425246,0.8230295,-1.2392452
668,2.3431497,2.5671978,-2.2659671,-0.44926733,1.023366,-0.5845373,0.19425246,0.8230295,-1.2392452
669,1.8633227,1.9999334,-3.0045013,-0.44926733,1.023366,-0.5845373,0.11210783,0.80331534,-1.0574142
670,0.61892426,0.41683197,-3.3441417,-0.44926733,1.023366,-0.5845373,0.11210783,0.80331534,-1.0574142
671,-0.9995979,-1.2929868,-2.1698318,-1.4217026,0.47344488,-0.9165649,0.11210783,0.80331534,-1.0574142
672,-2.7074993,-2.68095,-0.61900014,-1.4217026,0.47344488,-0.9165649,-0.014042866,0.759944,-0.7463874
673,-0.85780984,-0.22312626,0.19832209,-1.4217026,0.47344488,-0.9165649,-0.014042866,0.759944,-0.7463874
674,0.0025983953,0.52211076,-0.29748207,-1.4217026,0.47344488,-0.9165649,-0.014042866,0.759944,-0.7463874
675,0.7901297,0.59694093,-0.49928707,-1.2007455,0.057510473,-0.36531338,-0.07565134,0.7126299,-0.45450082
676,1.4668006,0.059295323,-0.7070582,-1.2007455,0.057510473,-0.36531338,-0.07565134,0.7126299,-0.45450082
677,1.1667496,-0.1663224,-0.419639,-1.2007455,0.057510473,-0.36531338,-0.07565134,0.7126299,-0.45450082
678,0.63212234,-0.22301477,-0.047471754,-1.2060354,0.53387576,-1.3919512,-0.26634425,0.70868707,-0.15304412
679,0.08078745,-0.11086232,0.2507267,-1.2060354,0.53387576,-1.3919512,-0.26634425,0.70868707,-0.15304412
680,-0.06310451,0.17311355,0.20857927,-1.2060354,0.53387576,-1.3919512,-0.26634425,0.70868707,-0.15304412
681,0.19164315,0.515943,-0.16806254,-0.82546425,1.0741656,-1.0448554,-0.4541034,0.6968585,0.09099225
682,0.23934244,0.48831823,-0.2550421,-0.82546425,1.0741656,-1.0448554,-0.4541034,0.6968585,0.09099225
683,0.26662394,0.42478934,-0.29860646,-0.82546425,1.0741656,-1.0448554,-0.4541034,0.6968585,0.09099225
684,0.22578838,0.35298106,-0.21177606,-0.8636129,0.8149738,-1.1815171,-0.6829349,0.6613729,0.32067353
685,-0.048496258,0.2888329,0.18849517,-0.9017616,0.555782,-1.3181789,-0.6829349,0.6613729,0.32067353
686,-0.11280725,0.4266966,0.27039203,-0.9017616,0.555782,-1.3181789,-0.6829349,0.6613729,0.32067353
687,-0.1108175,0.4731404,0.26525196,-0.9017616,0.555782,-1.3181789,-0.8912302,0.5706875,0.46422434
688,-0.47710538,-0.04818178,0.28507793,-0.85496587,0.6376469,-1.4186348,-0.8912302,0.5706875,0.46422434
689,-0.6209836,0.100066766,0.41193315,-0.85496587,0.6376469,-1.4186348,-0.8912302,0.5706875,0.46422434
690,-0.91513383,0.18979616,0.6451809,-0.85496587,0.6376469,-1.4186348,-1.0848569,0.5154877,0.588635
691,-1.1083955,-0.001496491,0.72720397,-0.24153508,0.33303753,-0.75154513,-1.0848569,0.5154877,0.588635
692,-1.1908698,-0.16548023,0.6741454,-0.24153508,0.33303753,-0.75154513,-1.0848569,0.5154877,0.588635
693,-0.89270806,-0.5605496,0.45755696,-0.24153508,0.33303753,-0.75154513,-1.1963389,0.45240217,0.61256015
694,-0.89270806,-0.5605496,0.45755696,0.2160456,0.89476144,0.010558914,-1.1963389,0.45240217,0.61256015
695,-0.7389928,-0.9085158,0.366774,0.2160456,0.89476144,0.010558914,-1.1963389,0.45240217,0.61256015
696,-0.8860542,-0.71191925,0.42589048,0.2160456,0.89476144,0.010558914,-1.2432786,0.42480224,0.48814946
697,-1.2609128,-0.451834,0.5070531,0.2160456,0.89476144,0.010558914,-1.2432786,0.42480224,0.48814946
698,-1.4146758,-0.5909796,1.3113817,0.9586732,-0.03530758,0.58525,-1.2432786,0.42480224,0.48814946
699,-1.3680307,-0.5546048,1.7305839,0.9586732,-0.03530758,0.58525,-1.161134,0.42085943,0.13405749
700,-0.4193204,0.15451127,0.8788704,0.9586732,-0.03530758,0.58525,-1.161134,0.42085943,0.13405749
701,-0.03865246,0.22329143,0.2128646,2.3108659,-0.34123892,1.2842554,-1.161134,0.42085943,0.13405749
702,0.30930322,-0.39194012,-0.83268005,2.3108659,-0.34123892,1.2842554,-1.0349834,0.38143098,-0.38272542
703,0.30930322,-0.39194012,-0.83268005,2.3108659,-0.34123892,1.2842554,-1.0349834,0.38143098,-0.38272542
704,0.25158215,-1.0340161,-0.72007465,1.4277493,0.26174796,2.051487,-1.0349834,0.38143098,-0.38272542
705,0.28151056,-1.0543028,-0.51009494,1.4277493,0.26174796,2.051487,-0.8354892,0.3577739,-0.69375217
706,0.13596657,-0.7262363,0.123154365,1.4277493,0.26174796,2.051487,-0.8354892,0.3577739,-0.69375217
707,0.07064246,-0.6748385,0.2049824,1.1223564,-0.049848758,1.7326442,-0.8354892,0.3577739,-0.69375217
708,0.21981913,-0.49400496,-0.18072914,1.1223564,-0.049848758,1.7326442,-0.63892883,0.29863125,-0.9904238
709,0.37281558,-0.44564772,-0.39194804,1.1223564,-0.049848758,1.7326442,-0.63892883,0.29863125,-0.9904238
710,0.40236068,-0.19310497,-0.4913877,1.1223564,-0.049848758,1.7326442,-0.63892883,0.29863125,-0.9904238
711,0.34882903,0.10604873,-0.6116514,0.55836636,-0.54415447,1.1947869,-0.5010432,0.20006013,-1.0765543
712,0.4297015,0.3255111,-0.80622244,0.55836636,-0.54415447,1.1947869,-0.5010432,0.20006013,-1.0765543
713,0.6313693,0.39279887,-0.8973668,0.55836636,-0.54415447,1.1947869,-0.5010432,0.20006013,-1.0765543
714,0.7278221,0.44258037,-0.931655,-0.09229745,-1.2208859,0.65661556,-0.3954287,0.18034591,-1.1531147
715,0.753657,0.48079434,-0.95094746,-0.09229745,-1.2208859,0.65661556,-0.3954287,0.18034591,-1.1531147
716,0.95955527,0.8779259,-0.8165886,-0.09229745,-1.2208859,0.65661556,-0.3954287,0.18034591,-1.1531147
717,1.0550771,1.0181675,-0.78876,-0.83655274,-1.4760175,-0.045633577,-0.38369372,0.19217443,-1.0813394
718,1.184484,1.327867,-0.7685095,-0.83655274,-1.4760175,-0.045633577,-0.38369372,0.19217443,-1.0813394
719,1.1743618,1.4395055,-0.62559736,-0.83655274,-1.4760175,-0.045633577,-0.38369372,0.19217443,-1.0813394
720,0.98341864,1.4764129,-0.15848227,-0.83655274,-1.4760175,-0.045633577,-0.46583837,0.2237172,-0.9330035
721,0.24065676,0.9252241,1.1448574,-1.4217026,-1.0428982,-1.0143,-0.46583837,0.2237172,-0.9330035
722,-2.357887,-1.1128962,2.5814486,-1.4217026,-1.0428982,-1.0143,-0.46583837,0.2237172,-0.9330035
723,-2.357887,-1.1128962,2.5814486,-1.4217026,-1.0428982,-1.0143,-0.5714529,0.24343142,-0.837303
724,-1.7717909,-0.7084823,1.752957,-0.06065948,-0.3642782,0.3755485,-0.5714529,0.24343142,-0.837303
725,-0.8018366,0.09157065,1.5455071,-0.06065948,-0.3642782,0.3755485,-0.5714529,0.24343142,-0.837303
726,0.0884407,0.39424172,0.64215195,-0.06065948,-0.3642782,0.3755485,-0.53918177,0.21188866,-0.842088
727,0.35267618,0.276516,0.20174691,-0.124037154,0.115958475,0.2051921,-0.53918177,0.21188866,-0.842088
728,0.22436453,-2.1646683,-0.6659606,-0.124037154,0.115958475,0.2051921,-0.53918177,0.21188866,-0.842088
729,0.14944762,-2.6981153,0.056494124,-0.124037154,0.115958475,0.2051921,-0.536248,0.21977435,-0.76552755
730,0.773235,-0.34404728,0.24146767,-0.124037154,0.115958475,0.2051921,-0.536248,0.21977435,-0.76552755
731,1.6716264,1.3727379,-0.586978,-0.31854454,0.024840033,-0.17633082,-0.536248,0.21977435,-0.76552755
732,1.9600493,1.3511509,-1.437682,-0.31854454,0.024840033,-0.17633082,-0.5978565,0.2158315,-0.6124067
733,1.6128138,0.5123612,-2.041961,-0.31854454,0.024840033,-0.17633082,-0.5978565,0.2158315,-0.6124067
734,0.41209495,-0.80616295,-1.5982001,-1.1463201,0.7973167,-1.2806126,-0.5978565,0.2158315,-0.6124067
735,-0.30169684,-1.3184378,-1.0480809,-1.1463201,0.7973167,-1.2806126,-0.75627834,0.21188866,-0.33966017
736,-1.0407164,-0.36193123,0.17610393,-1.1463201,0.7973167,-1.2806126,-0.75627834,0.21188866,-0.33966017
737,-0.77910966,0.44055545,-0.079797946,-0.808984,-0.139362,-0.57355,-0.75627834,0.21188866,-0.33966017
738,0.038085356,0.32392582,-0.7390918,-0.808984,-0.139362,-0.57355,-0.8413567,0.19217443,-0.17218423
739,0.16199765,0.28979272,-0.76581323,-0.808984,-0.139362,-0.57355,-0.8413567,0.19217443,-0.17218423
740,0.47562099,0.12109652,-0.39761013,-0.808984,-0.139362,-0.57355,-0.8413567,0.19217443,-0.17218423
741,0.31157595,0.09311877,-0.039537925,-1.2217019,-0.011512921,-0.79246,-0.9352363,0.15668884,0.06706712
742,0.22952601,0.1629145,0.0840474,-1.2217019,-0.011512921,-0.79246,-0.9352363,0.15668884,0.06706712
743,0.10745744,0.24633683,0.24311125,-1.2217019,-0.011512921,-0.79246,-0.9352363,0.15668884,0.06706712
744,-0.026303217,0.25323838,0.37579203,-0.8954543,0.53397024,-0.9763151,-1.049652,0.08177479,0.3158885
745,-0.040007867,0.2192601,0.40203738,-0.8954543,0.53397024,-0.9763151,-1.049652,0.08177479,0.3158885
746,-0.023701936,0.3335861,-0.016631357,-0.8954543,0.53397024,-0.9763151,-1.049652,0.08177479,0.3158885
747,-0.04992012,0.39236537,-0.17418931,-0.7066438,0.13625948,-0.96878093,-1.1846039,0.026574973,0.4929345
748,-0.14096497,0.17272963,-0.008364798,-0.7066438,0.13625948,-0.96878093,-1.1846039,0.026574973,0.4929345
749,-0.1327778,0.06983496,0.20081756,-0.7066438,0.13625948,-0.96878093,-1.1846039,0.026574973,0.4929345
750,-0.11801894,0.05340006,0.2630491,-0.69240165,0.41490248,-0.8971016,-1.2902185,-0.04833907,0.66998047
751,-0.021315144,0.3989666,0.41543826,-0.69240165,0.41490248,-0.8971016,-1.2902185,-0.04833907,0.66998047
752,-0.12600534,0.48173562,0.49918234,-0.69240165,0.41490248,-0.8971016,-1.2902185,-0.04833907,0.66998047
753,-0.337485,0.35064027,0.50405854,-0.69240165,0.41490248,-0.8971016,-1.4281042,-0.1311388,0.770466
754,-0.88848215,0.100525014,0.17061967,-0.25272536,0.31217,-0.7832515,-1.4281042,-0.1311388,0.770466
755,-0.9310838,0.103912316,0.2805517,-0.25272536,0.31217,-0.7832515,-1.4281042,-0.1311388,0.770466
756,-0.85569686,0.14747658,0.47628152,-0.25272536,0.31217,-0.7832515,-1.5542548,-0.16268156,0.8135313
757,-0.7596593,0.1379649,0.6383313,-0.042856764,0.24437408,-0.36656907,-1.5542548,-0.16268156,0.8135313
758,-1.0086157,-0.57492864,0.6063206,-0.042856764,0.24437408,-0.36656907,-1.5542548,-0.16268156,0.8135313
759,-1.1973593,-0.8837241,0.5688027,-0.042856764,0.24437408,-0.36656907,-1.6011946,-0.17451009,0.7943912
760,-1.1679238,-1.1802212,1.1908426,0.8010937,-0.07458765,0.58242476,-1.6011946,-0.17451009,0.7943912
761,-1.0467314,-0.8856809,1.7609998,0.8010937,-0.07458765,0.58242476,-1.6011946,-0.17451009,0.7943912
762,-0.9861351,-0.7384107,2.0460784,0.8010937,-0.07458765,0.58242476,-1.5131825,0.010803596,0.6221302
763,-0.6493376,-0.056690298,1.3982235,0.8010937,-0.07458765,0.58242476,-1.5131825,0.010803596,0.6221302
764,-0.03862508,0.22074631,0.3011177,2.4443355,-0.36890492,1.100191,-1.5131825,0.010803596,0.6221302
765,0.17143528,0.17920698,-0.060293242,2.4443355,-0.36890492,1.100191,-1.3664956,0.29074556,0.25846818
766,0.42039165,-0.30737528,-0.6552789,2.4443355,-0.36890492,1.100191,-1.3664956,0.29074556,0.25846818
767,0.3862008,-1.1351645,-0.87179273,1.7683407,0.36589682,1.8147879,-1.3664956,0.29074556,0.25846818
768,0.3088925,-1.0229626,-0.74095047,1.7683407,0.36589682,1.8147879,-1.0995256,0.49183062,-0.014278343
769,0.09080467,-0.58441556,-0.19954544,1.7683407,0.36589682,1.8147879,-1.0995256,0.49183062,-0.014278343
770,0.04284981,-0.22444524,-0.3263605,1.0306978,0.1786555,1.5997496,-1.0995256,0.49183062,-0.014278343
771,0.1414247,-0.21615966,-0.45980725,1.0306978,0.1786555,1.5997496,-0.8002844,0.61800164,-0.18175428
772,0.20565173,-0.18695584,-0.4873984,1.0306978,0.1786555,1.5997496,-0.8002844,0.61800164,-0.18175428
773,0.3013077,-0.04392753,-0.643077,1.0306978,0.1786555,1.5997496,-0.8002844,0.61800164,-0.18175428
774,0.3369042,0.11756679,-0.77471656,0.44310656,-0.70042497,1.0038161,-0.5626517,0.68503,-0.30616498
775,0.4714224,0.29358256,-0.8687064,0.44310656,-0.70042497,1.0038161,-0.5626517,0.68503,-0.30616498
776,0.6667331,0.46808732,-0.9202275,0.44310656,-0.70042497,1.0038161,-0.5626517,0.68503,-0.30616498
777,0.86912656,0.6330928,-0.6499094,-0.20806597,-1.3200303,0.5723791,-0.36315757,0.73628694,-0.35880026
778,0.8458519,0.6919711,-0.64123553,-0.20806597,-1.3200303,0.5723791,-0.36315757,0.73628694,-0.35880026
779,0.8459614,0.8069969,-0.644712,-0.20806597,-1.3200303,0.5723791,-0.36315757,0.73628694,-0.35880026
780,0.92976373,1.0008904,-0.70272696,-0.8865021,-1.1527123,0.061310045,-0.25754303,0.7836011,-0.35401526
781,1.0999835,1.1637038,-0.65629435,-0.8865021,-1.1527123,0.061310045,-0.25754303,0.7836011,-0.35401526
782,1.1467928,1.2180802,-0.5630847,-0.8865021,-1.1527123,0.061310045,-0.25754303,0.7836011,-0.35401526
783,0.9854175,1.0816097,-0.18893832,-1.2817223,-0.4983592,-0.84352505,-0.21060325,0.80331534,-0.13868904
784,0.6811907,0.80218536,0.7770271,-1.2817223,-0.4983592,-0.84352505,-0.21060325,0.80331534,-0.13868904
785,0.4869845,0.6591013,1.3654213,-1.2817223,-0.4983592,-0.84352505,-0.21060325,0.80331534,-0.13868904
786,-0.60607415,-0.23139323,2.0825293,-1.2817223,-0.4983592,-0.84352505,-0.325019,0.85062945,0.019216845
787,-2.3146327,-0.8346795,1.6374432,-0.121392176,-1.0882213,-0.3515007,-0.325019,0.85062945,0.019216845
788,-1.861624,-0.2941481,1.4408872,-0.121392176,-1.0882213,-0.3515007,-0.325019,0.85062945,0.019216845
789,-0.91135514,0.4431377,1.0167285,-0.121392176,-1.0882213,-0.3515007,-0.2634105,0.91371495,0.009646791
790,-0.6612213,0.80671823,0.3940175,-0.32851404,-1.4077495,0.68601984,-0.2634105,0.91371495,0.009646791
791,-0.562181,0.97943336,0.16133772,-0.32851404,-1.4077495,0.68601984,-0.2634105,0.91371495,0.009646791
792,-0.27108386,0.6721613,-0.034701902,-0.32851404,-1.4077495,0.68601984,-0.0111091295,0.89400077,7.6737415e-05
793,-0.05950379,-2.2759228,0.8011039,-0.28761867,-0.45549104,0.49693266,-0.0111091295,0.89400077,7.6737415e-05
794,0.45828822,-3.180549,0.8479153,-0.28761867,-0.45549104,0.49693266,-0.0111091295,0.89400077,7.6737415e-05
795,0.71718425,-3.6328616,0.87132084,-0.28761867,-0.45549104,0.49693266,0.15904762,0.9610291,-0.038203478
796,1.3945854,-0.9857518,-0.05420088,-0.28761867,-0.45549104,0.49693266,0.15904762,0.9610291,-0.038203478
797,1.7282249,1.0935179,-1.1347163,-0.009998036,-0.58286804,-0.7272684,0.15904762,0.9610291,-0.038203478
798,1.3517739,1.2291523,-1.8068719,-0.009998036,-0.58286804,-0.7272684,0.088637926,1.0517145,-0.0956238
799,0.7848176,0.92147774,-2.3108737,-0.009998036,-0.58286804,-0.7272684,0.088637926,1.0517145,-0.0956238
800,0.09079555,0.24258107,-2.0366948,-1.0786697,1.4573351,-1.3020642,0.088637926,1.0517145,-0.0956238
801,-0.89443314,-0.7849288,-0.49859866,-1.0786697,1.4573351,-1.3020642,-0.11378992,1.1384571,0.20104787
802,-0.89443314,-0.7849288,-0.49859866,-1.0786697,1.4573351,-1.3020642,-0.11378992,1.1384571,0.20104787
803,-1.0386126,-0.18095529,-0.38017634,-0.52393705,-0.60326344,-0.76064897,-0.11378992,1.1384571,0.20104787
804,-0.7945895,0.5892127,-0.5285671,-0.52393705,-0.60326344,-0.76064897,-0.21060325,1.1581713,0.3111035
805,-0.46809673,0.9378755,-0.595365,-0.52393705,-0.60326344,-0.76064897,-0.21060325,1.1581713,0.3111035
806,-0.35396892,1.0092131,-0.6127701,-0.92546463,-0.7134554,-0.45258442,-0.21060325,1.1581713,0.3111035
807,-0.10872734,0.66550434,-0.6165219,-0.92546463,-0.7134554,-0.45258442,-0.19593456,1.1936569,0.4929345
808,-0.005862617,0.39177087,-0.19106662,-0.92546463,-0.7134554,-0.45258442,-0.19593456,1.1936569,0.4929345
809,0.01594708,0.3027103,0.007944587,-0.92546463,-0.7134554,-0.45258442,-0.19593456,1.1936569,0.4929345
810,0.00043522415,0.22742184,0.0129756555,-0.99677724,-1.0926591,-0.7576144,-0.21060325,1.1936569,0.6795505
811,0.026785752,0.11017294,-0.1754858,-0.99677724,-1.0926591,-0.7576144,-0.21060325,1.1936569,0.6795505
812,0.20243162,-0.04255899,-0.42253026,-0.99677724,-1.0926591,-0.7576144,-0.21060325,1.1936569,0.6795505
813,0.42343104,0.057078406,-0.5212815,-1.1679884,-0.9484748,-0.9187623,-0.29568163,1.1975998,0.8039612
814,0.4268401,0.14290652,-0.4640753,-1.1679884,-0.9484748,-0.9187623,-0.29568163,1.1975998,0.8039612
815,0.43024912,0.22873463,-0.40686914,-1.1679884,-0.9484748,-0.9187623,-0.29568163,1.1975998,0.8039612
816,0.30065054,0.27540132,-0.20138119,-1.2477447,-0.4732426,-1.0902698,-0.3514226,1.1463428,1.0671377
817,0.22389904,0.18082942,0.12900577,-1.2477447,-0.4732426,-1.0902698,-0.3514226,1.1463428,1.0671377
818,0.073887214,0.17086568,0.23033278,-1.2477447,-0.4732426,-1.0902698,-0.3514226,1.1463428,1.0671377
819,-0.0339017,0.17898405,0.2759222,-1.2477447,-0.4732426,-1.0902698,-0.492242,1.1423999,1.3973047
820,-0.5111685,0.24939284,0.28032798,-0.83990985,-0.05891339,-1.2440927,-0.492242,1.1423999,1.3973047
821,-0.54616255,0.23970774,0.27276704,-0.83990985,-0.05891339,-1.2440927,-0.492242,1.1423999,1.3973047
822,-0.61615074,0.2203376,0.25764513,-0.83990985,-0.05891339,-1.2440927,-0.66826624,1.1069143,1.5743506
823,-0.5838537,0.42959473,0.36192077,-0.6955552,-0.024637755,-1.1806799,-0.66826624,1.1069143,1.5743506
824,-0.67952156,0.52957886,0.26018074,-0.6955552,-0.024637755,-1.1806799,-0.66826624,1.1069143,1.5743506
825,-0.74588627,0.5323283,0.20649686,-0.6955552,-0.024637755,-1.1806799,-0.85309166,1.0753716,1.7466116
826,-1.29807,0.017359681,0.19076689,-0.5212921,-0.32320407,-0.8239571,-0.85309166,1.0753716,1.7466116
827,-1.2573622,-0.16280507,0.3404369,-0.5212921,-0.32320407,-0.8239571,-0.85309166,1.0753716,1.7466116
828,-1.4584733,-1.15503,0.78303343,-0.5212921,-0.32320407,-0.8239571,-0.9029652,1.0832573,1.7801068
829,-1.4584733,-1.15503,0.78303343,-0.5212921,-0.32320407,-0.8239571,-0.9029652,1.0832573,1.7801068
830,-1.9773606,-1.2953739,0.54234225,0.5883767,-0.46776605,0.14230257,-0.9029652,1.0832573,1.7801068
831,-2.0811927,-1.2814686,0.62951976,0.5883767,-0.46776605,0.14230257,-0.7680133,1.1897141,1.5934907
832,-1.2277533,-0.75591075,1.3887007,0.5883767,-0.46776605,0.14230257,-0.7680133,1.1897141,1.5934907
833,-0.31935817,-0.22656307,0.42213872,2.109441,-1.3053004,1.4834929,-0.7680133,1.1897141,1.5934907
834,-0.31935817,-0.22656307,0.42213872,2.109441,-1.3053004,1.4834929,-0.34555516,1.422342,0.9235869
835,0.11346777,-0.6060645,-1.0497503,2.109441,-1.3053004,1.4834929,-0.34555516,1.422342,0.9235869
836,0.13441493,-1.1034218,-1.2358884,1.4782073,-0.7292241,2.118562,-0.34555516,1.422342,0.9235869
837,0.11919059,-1.192631,-1.2120583,1.4782073,-0.7292241,2.118562,0.14144519,1.4657131,0.28717834
838,0.21542433,-0.9959508,-0.30823833,1.4782073,-0.7292241,2.118562,0.14144519,1.4657131,0.28717834
839,0.34035432,-0.8553004,-0.05578421,1.4782073,-0.7292241,2.118562,0.14144519,1.4657131,0.28717834
840,0.19150622,-0.6641007,-0.22244628,1.1014001,-0.4390614,2.2124255,0.6372467,1.3277136,-0.21524946
841,0.3011069,-0.59833634,-0.45338213,1.1014001,-0.4390614,2.2124255,0.6372467,1.3277136,-0.21524946
842,0.30442926,-0.3504751,-0.7870504,1.1014001,-0.4390614,2.2124255,0.6372467,1.3277136,-0.21524946
843,0.25568944,-0.026148858,-1.0942727,0.58074695,-0.803724,1.8424132,1.012765,1.039886,-0.67461205
844,0.38137242,0.0078108376,-1.050605,0.58074695,-0.803724,1.8424132,1.012765,1.039886,-0.67461205
845,0.44421393,0.024790691,-1.0287713,0.58074695,-0.803724,1.8424132,1.012765,1.039886,-0.67461205
846,1.1796921,0.35223794,-0.8292724,0.11818153,-1.3149315,1.140164,1.3266749,0.7560012,-1.028704
847,1.2699567,0.4451255,-0.9520317,0.11818153,-1.3149315,1.140164,1.3266749,0.7560012,-1.028704
848,1.4917456,0.7490289,-1.0244917,0.11818153,-1.3149315,1.140164,1.3266749,0.7560012,-1.028704
849,1.5575078,0.8545367,-0.9993421,-0.505117,-1.4466519,0.08778434,1.4762956,0.6140588,-1.4067211
850,1.7154375,1.3965914,-0.80718625,-0.505117,-1.4466519,0.08778434,1.4762956,0.6140588,-1.4067211
851,1.7168523,1.5875559,-0.6971222,-0.505117,-1.4466519,0.08778434,1.4762956,0.6140588,-1.4067211
852,1.6755786,1.7293891,-0.5709841,-0.505117,-1.4466519,0.08778434,1.4586931,0.6692586,-1.5215617
853,0.9739536,1.5953957,-0.18171583,-0.8451998,-0.34945375,-0.9598864,1.4586931,0.6692586,-1.5215617
854,-0.028188005,1.0369927,1.056501,-0.8451998,-0.34945375,-0.9598864,1.4586931,0.6692586,-1.5215617
855,-0.4295156,0.7875091,1.5869145,-0.8451998,-0.34945375,-0.9598864,1.3530786,0.8230295,-1.4593564
856,-3.131467,-1.404396,1.7525096,-0.14051738,-0.3911888,0.19012375,1.3530786,0.8230295,-1.4593564
857,-2.5611293,-1.161625,1.009552,-0.14051738,-0.3911888,0.19012375,1.3530786,0.8230295,-1.4593564
858,-1.8033211,-0.6990264,1.2122175,-0.14051738,-0.3911888,0.19012375,1.482163,0.73234415,-1.6316173
859,-0.8975272,0.11399991,0.7801077,0.30292287,-0.95074105,0.91256875,1.482163,0.73234415,-1.6316173
860,-0.06318666,0.9666335,-0.23101687,0.30292287,-0.95074105,0.91256875,1.482163,0.73234415,-1.6316173
861,0.22091441,1.181018,-0.58650756,0.30292287,-0.95074105,0.91256875,1.5907112,0.56280184,-1.9713542
862,1.3369465,-0.50634044,-0.4486207,0.30292287,-0.95074105,0.91256875,1.5907112,0.56280184,-1.9713542
863,1.6333078,-2.8561172,0.35395253,-0.69280857,-0.20611925,-0.8399673,1.5907112,0.56280184,-1.9713542
864,1.5178314,-2.7110453,1.3057024,-0.69280857,-0.20611925,-0.8399673,1.4997654,0.6456016,-2.2058206
865,-0.03934157,-1.4434645,1.0165966,-0.69280857,-0.20611925,-0.8399673,1.4997654,0.6456016,-2.2058206
866,-0.09501813,-0.546245,0.030093914,0.10037881,1.017795,-0.13227674,1.4997654,0.6456016,-2.2058206
867,1.6524135,1.0008533,-2.3072884,0.10037881,1.017795,-0.13227674,1.5408378,0.61800164,-2.0096345
868,2.129452,1.257,-2.6976867,0.10037881,1.017795,-0.13227674,1.5408378,0.61800164,-2.0096345
869,1.6790562,0.87233406,-2.264831,-1.0218027,1.9279405,-1.441342,1.5408378,0.61800164,-2.0096345
870,1.172655,0.49922323,-1.7539338,-1.0218027,1.9279405,-1.441342,1.482163,0.8151438,-1.3732259
871,-1.1463925,-1.352893,-0.37352753,-1.0218027,1.9279405,-1.441342,1.482163,0.8151438,-1.3732259
872,-1.1601199,-0.17930189,-0.041362192,-1.0218027,1.9279405,-1.441342,1.482163,0.8151438,-1.3732259
873,-0.52225816,0.21582326,-0.21301518,-0.5186471,0.19357438,-0.38634634,1.4117533,0.89794356,-1.20575
874,0.8005166,0.69682604,-0.4472898,-0.5186471,0.19357438,-0.38634634,1.4117533,0.89794356,-1.20575
875,1.249872,0.5851133,-0.50825924,-0.5186471,0.19357438,-0.38634634,1.4117533,0.89794356,-1.20575
876,1.0772291,-0.124795444,-0.18293202,-0.6292274,0.9420675,-0.57804954,1.3970846,0.95708627,-0.842088
877,0.688844,-0.26277065,-0.14799562,-0.6292274,0.9420675,-0.57804954,1.3970846,0.95708627,-0.842088
878,-0.055086173,-0.2900239,0.07049163,-0.6292274,0.9420675,-0.57804954,1.3970846,0.95708627,-0.842088
879,-0.23285869,-0.23466288,0.16226706,0.042087626,1.6624225,-0.7323958,1.2621328,1.0674859,-0.39708048
880,-0.1031962,0.08245529,0.25010714,0.042087626,1.6624225,-0.7323958,1.2621328,1.0674859,-0.39708048
881,0.21640551,0.11022248,0.056253184,0.042087626,1.6624225,-0.7323958,1.2621328,1.0674859,-0.39708048
882,0.26398617,0.09791178,-0.022809763,0.6399537,1.3711268,-0.5352512,1.1711869,1.1266285,-0.17696926
883,-0.032861184,0.050018955,-0.5247063,0.6399537,1.3711268,-0.5352512,1.1711869,1.1266285,-0.17696926
884,-0.1564084,0.11175203,-0.60581726,0.6399537,1.3711268,-0.5352512,1.1711869,1.1266285,-0.17696926
885,-0.1641027,0.1463991,-0.5820674,0.6399537,1.3711268,-0.5352512,1.0743736,1.1739427,-0.11476391
886,-0.010855253,0.12718993,-0.22912377,0.8181843,1.6278636,-0.19799161,1.0743736,1.1739427,-0.11476391
887,0.07987016,0.104321025,0.117847934,0.8181843,1.6278636,-0.19799161,1.0743736,1.1739427,-0.11476391
888,0.16751967,0.20099841,0.17686118,0.8181843,1.6278636,-0.19799161,1.0098313,1.2212569,-0.023848396
889,0.18509886,0.22527921,-0.45454097,1.4331411,2.278345,-0.3415598,1.0098313,1.2212569,-0.023848396
890,0.038733397,0.16429542,-0.95021313,1.4331411,2.278345,-0.3415598,1.0098313,1.2212569,-0.023848396
891,-0.03444934,0.13380353,-1.1980493,1.4331411,2.278345,-0.3415598,0.88368064,1.3395422,0.014431817
892,-0.809896,0.21895047,-1.3484421,1.5263255,1.7491031,-0.3585117,0.88368064,1.3395422,0.014431817
893,-0.86947906,0.31799337,-1.1091995,1.5263255,1.7491031,-0.3585117,0.88368064,1.3395422,0.014431817
894,-0.7134387,0.434462,-0.7571279,1.5263255,1.7491031,-0.3585117,0.8455421,1.3907992,-0.086053744
895,-0.3519974,0.15513052,-0.71806115,1.5263255,1.7491031,-0.3585117,0.8455421,1.3907992,-0.086053744
896,0.2567756,-1.6579604,0.44396102,2.1655958,1.2028645,0.59634215,0.8455421,1.3907992,-0.086053744
897,0.42307508,-1.9601051,0.5376181,2.1655958,1.2028645,0.59634215,0.9423554,1.3474278,-0.4688559
898,0.91786635,-1.2813386,0.52949494,2.1655958,1.2028645,0.59634215,0.9423554,1.3474278,-0.4688559
899,1.0713857,-0.70073557,0.3285918,2.1970303,2.4518952,0.4562271,0.9423554,1.3474278,-0.4688559
900,1.1646595,0.28443003,-0.4115847,2.1970303,2.4518952,0.4562271,0.9834277,1.2803994,-0.665042
901,1.1434767,0.29709244,-0.44854495,2.1970303,2.4518952,0.4562271,0.9834277,1.2803994,-0.665042
902,1.0587462,0.34774217,-0.59638613,1.5495199,1.9530572,-0.23922037,0.9834277,1.2803994,-0.665042
903,0.8043409,0.22572508,-0.33771914,1.5495199,1.9530572,-0.23922037,0.9482229,1.2567425,-0.67461205
904,0.35459292,0.3800299,-0.4428209,1.5495199,1.9530572,-0.23922037,0.9482229,1.2567425,-0.67461205
905,0.14706539,0.49766275,-0.4432512,0.82672966,1.2488487,-0.37106866,0.9482229,1.2567425,-0.67461205
906,-0.20780423,0.78613436,-0.27789703,0.82672966,1.2488487,-0.37106866,0.89834934,1.3237708,-0.63633186
907,-0.22845021,1.3707873,-0.30293766,0.82672966,1.2488487,-0.37106866,0.89834934,1.3237708,-0.63633186
908,-0.40583023,1.3238233,-0.2992375,0.82672966,1.2488487,-0.37106866,0.89834934,1.3237708,-0.63633186
909,-0.5613321,1.2403175,-0.3328315,-0.06737365,1.7724257,0.20027399,0.86607826,1.2961708,-0.3779404
910,-0.0007421987,1.4392083,-1.117575,-0.06737365,1.7724257,0.20027399,0.86607826,1.2961708,-0.3779404
911,0.048517868,1.3185412,-0.76801616,-0.06737365,1.7724257,0.20027399,0.86607826,1.2961708,-0.3779404
912,0.147038,1.0772069,-0.06889825,-0.4515054,0.36599126,0.6893684,0.9570241,1.1936569,-0.06212861
913,-1.008278,-0.44198793,4.1389346,-0.4515054,0.36599126,0.6893684,0.9570241,1.1936569,-0.06212861
914,-1.3187845,-1.2931539,4.136858,-0.4515054,0.36599126,0.6893684,0.9570241,1.1936569,-0.06212861
915,-1.1992213,-1.6829659,3.0506632,2.3464713,-0.37674206,1.2951381,1.2005242,1.0280575,-0.5406313
916,1.6413238,1.340153,-1.0588888,2.3464713,-0.37674206,1.2951381,1.2005242,1.0280575,-0.5406313
917,1.6816939,1.660355,-0.7159501,2.3464713,-0.37674206,1.2951381,1.2005242,1.0280575,-0.5406313
918,1.4053283,2.1164825,-0.24341959,2.3464713,-0.37674206,1.2951381,1.3354762,0.9018864,-1.0526291
919,0.3515809,1.4887112,-0.3895673,1.6892966,0.11699712,0.69355404,1.3354762,0.9018864,-1.0526291
920,-0.4657282,0.5758926,0.8539732,1.6892966,0.11699712,0.69355404,1.3354762,0.9018864,-1.0526291
921,-0.46149766,0.087173976,1.1288176,1.6892966,0.11699712,0.69355404,1.5115004,0.6613729,-1.3827959
922,-0.17656147,-0.10149925,0.3136122,1.3926525,0.6095088,1.151884,1.5115004,0.6613729,-1.3827959
923,0.27162573,0.24541724,-0.3413677,1.3926525,0.6095088,1.151884,1.5115004,0.6613729,-1.3827959
924,-0.37089092,0.3743452,0.2678679,1.3926525,0.6095088,1.151884,1.705127,0.45240217,-1.6029072
925,-0.40377662,0.33265725,0.2594694,1.4037411,-0.34511027,0.85522515,1.705127,0.45240217,-1.6029072
926,-0.18430144,0.26751208,0.07674461,1.4037411,-0.34511027,0.85522515,1.705127,0.45240217,-1.6029072
927,-0.07456384,0.23493953,-0.014617781,1.4037411,-0.34511027,0.85522515,1.8664826,0.19611728,-1.9952793
928,0.36995417,0.1047483,0.33763742,1.4037411,-0.34511027,0.85522515,1.8664826,0.19611728,-1.9952793
929,0.3326737,-0.2526273,0.40191692,1.2626419,0.13814794,0.81985635,1.8664826,0.19611728,-1.9952793
930,0.3051138,-0.36032116,0.26308352,1.2626419,0.13814794,0.81985635,1.9926332,-0.06805329,-2.2010355
931,-0.14081438,-0.12808368,0.20644525,1.2626419,0.13814794,0.81985635,1.9926332,-0.06805329,-2.2010355
932,-0.27547407,0.37585616,0.3049842,1.1015018,0.30641016,0.76293135,1.9926332,-0.06805329,-2.2010355
933,-0.27964067,0.68001956,0.4529619,1.1015018,0.30641016,0.76293135,2.083579,-0.3085668,-2.3158762
934,-0.36375794,0.5005422,0.41563332,1.1015018,0.30641016,0.76293135,2.083579,-0.3085668,-2.3158762
935,-0.4663717,0.2763674,0.52589804,0.5294751,-0.0028259812,0.2590825,2.083579,-0.3085668,-2.3158762
936,-0.44701266,0.19462632,0.5831903,0.5294751,-0.0028259812,0.2590825,2.1275852,-0.43079498,-2.4115767
937,-0.7761706,0.2740266,0.55018145,0.5294751,-0.0028259812,0.2590825,2.1275852,-0.43079498,-2.4115767
938,-0.8168419,0.4679263,0.24875326,0.5294751,-0.0028259812,0.2590825,2.1275852,-0.43079498,-2.4115767
939,-1.1265359,0.75226754,-0.785731,-0.14611252,0.63717484,0.68078774,2.2331996,-0.63188004,-2.1818955
940,-1.3552707,0.44458055,-1.2756666,-0.14611252,0.63717484,0.68078774,2.2331996,-0.63188004,-2.1818955
941,-1.2862409,-0.01009789,-2.3492293,-0.14611252,0.63717484,0.68078774,2.2331996,-0.63188004,-2.1818955
942,-1.235119,-0.15823498,-2.8525198,-2.3443918,0.9721885,1.9292657,2.4209588,-0.98673606,-1.6029072
943,0.43016702,0.62503016,-2.3691928,-2.3443918,0.9721885,1.9292657,2.4209588,-0.98673606,-1.6029072
944,1.902123,0.93113184,1.7872739,-2.3443918,0.9721885,1.9292657,2.4209588,-0.98673606,-1.6029072
945,1.7701284,0.6413412,2.298791,-0.71803755,-0.7279965,-0.2783563,2.4766998,-0.9906789,-1.4545714
946,1.6480415,-0.9162223,1.3289819,-0.71803755,-0.7279965,-0.2783563,2.4766998,-0.9906789,-1.4545714
947,0.7740839,0.27774212,0.5583218,-0.71803755,-0.7279965,-0.2783563,2.4766998,-0.9906789,-1.4545714
948,-0.3945763,1.7925155,0.85411084,-0.1419416,1.3194772,-0.16911055,2.4561636,-0.8329651,-1.2727404
949,-2.125168,-1.315094,-0.27388138,-0.1419416,1.3194772,-0.16911055,2.4561636,-0.8329651,-1.2727404
950,-0.2556587,-0.49830258,0.49566,-0.1419416,1.3194772,-0.16911055,2.4561636,-0.8329651,-1.2727404
951,0.38682142,0.028766274,-0.51777065,-0.1419416,1.3194772,-0.16911055,2.397489,-0.8132509,-1.6459724
952,1.0540183,0.8490379,0.051594995,0.34239405,-0.6430156,-0.2239427,2.397489,-0.8132509,-1.6459724
953,0.5885714,0.5138252,0.1973067,0.34239405,-0.6430156,-0.2239427,2.397489,-0.8132509,-1.6459724
